ecg_sample_0,ecg_sample_1,ecg_sample_2,ecg_sample_3,ecg_sample_4,ecg_sample_5,ecg_sample_6,ecg_sample_7,ecg_sample_8,ecg_sample_9,ecg_sample_10,ecg_sample_11,ecg_sample_12,ecg_sample_13,ecg_sample_14,ecg_sample_15,ecg_sample_16,ecg_sample_17,ecg_sample_18,ecg_sample_19,ecg_sample_20,ecg_sample_21,ecg_sample_22,ecg_sample_23,ecg_sample_24,ecg_sample_25,ecg_sample_26,ecg_sample_27,ecg_sample_28,ecg_sample_29,ecg_sample_30,ecg_sample_31,ecg_sample_32,ecg_sample_33,ecg_sample_34,ecg_sample_35,ecg_sample_36,ecg_sample_37,ecg_sample_38,ecg_sample_39,ecg_sample_40,ecg_sample_41,ecg_sample_42,ecg_sample_43,ecg_sample_44,ecg_sample_45,ecg_sample_46,ecg_sample_47,ecg_sample_48,ecg_sample_49,ecg_sample_50,ecg_sample_51,ecg_sample_52,ecg_sample_53,ecg_sample_54,ecg_sample_55,ecg_sample_56,ecg_sample_57,ecg_sample_58,ecg_sample_59,ecg_sample_60,ecg_sample_61,ecg_sample_62,ecg_sample_63,ecg_sample_64,ecg_sample_65,ecg_sample_66,ecg_sample_67,ecg_sample_68,ecg_sample_69,ecg_sample_70,ecg_sample_71,ecg_sample_72,ecg_sample_73,ecg_sample_74,ecg_sample_75,ecg_sample_76,ecg_sample_77,ecg_sample_78,ecg_sample_79,ecg_sample_80,ecg_sample_81,ecg_sample_82,ecg_sample_83,ecg_sample_84,ecg_sample_85,ecg_sample_86,ecg_sample_87,ecg_sample_88,ecg_sample_89,ecg_sample_90,ecg_sample_91,ecg_sample_92,ecg_sample_93,ecg_sample_94,ecg_sample_95,ecg_sample_96,ecg_sample_97,ecg_sample_98,ecg_sample_99,Arrhythmia_Occurred
-38,-41,-45,-50,-54,-60,-61,-64,-64,-65,-67,-68,-67,-69,-66,-66,-69,-69,-70,-67,-67,-67,-68,-69,-68,-64,-65,-65,-67,-69,-70,-79,-86,-92,-101,-109,-115,-112,-91,-66,-47,-26,0,32,70,109,140,163,186,207,210,184,114,23,-49,-84,-85,-78,-71,-72,-73,-71,-70,-72,-73,-78,-77,-75,-74,-74,-76,-79,-77,-75,-73,-74,-77,-80,-77,-77,-74,-75,-77,-79,-78,-74,-72,-72,-73,-74,-74,-73,-71,-72,-74,-76,-76,-73,-74,-73,0
-61,-55,-51,-52,-59,-65,-68,-70,-70,-72,-75,-76,-81,-80,-81,-78,-81,-83,-85,-84,-83,-84,-82,-85,-85,-86,-82,-82,-80,-84,-86,-85,-83,-86,-90,-98,-108,-110,-114,-119,-121,-111,-85,-51,-16,32,89,141,177,201,209,195,148,70,-14,-81,-110,-112,-107,-100,-91,-91,-89,-89,-88,-91,-93,-93,-93,-93,-93,-96,-97,-96,-94,-94,-92,-92,-95,-95,-94,-91,-91,-92,-92,-92,-91,-90,-90,-91,-95,-93,-93,-90,-90,-91,-96,-94,-89,-87,0
-32,-33,-40,-40,-42,-42,-41,-42,-42,-44,-50,-50,-50,-52,-53,-55,-61,-64,-66,-64,-64,-63,-68,-70,-67,-64,-62,-67,-69,-70,-70,-71,-70,-70,-74,-72,-69,-65,-65,-67,-74,-80,-80,-79,-70,-42,-2,49,106,170,217,213,163,96,42,-2,-29,-37,-48,-57,-57,-57,-58,-60,-67,-72,-72,-77,-79,-83,-86,-87,-81,-82,-81,-83,-88,-86,-83,-84,-83,-84,-86,-88,-85,-83,-85,-86,-85,-83,-84,-83,-84,-84,-87,-83,-83,-80,-79,-82,0
-30,-37,-42,-43,-43,-41,-42,-43,-47,-51,-50,-50,-48,-51,-54,-55,-60,-60,-65,-64,-65,-63,-61,-61,-63,-64,-71,-70,-70,-67,-64,-65,-68,-70,-65,-61,-62,-65,-72,-71,-72,-71,-72,-74,-54,-17,27,77,138,189,204,178,121,69,23,-11,-28,-37,-47,-48,-50,-54,-60,-63,-68,-74,-76,-81,-79,-77,-75,-73,-75,-79,-83,-84,-81,-78,-82,-80,-82,-78,-79,-78,-79,-83,-85,-84,-79,-78,-80,-81,-81,-79,-77,-77,-77,-80,-81,-81,0
-31,-30,-32,-35,-37,-40,-38,-38,-36,-39,-42,-45,-44,-45,-48,-48,-52,-58,-57,-56,-53,-55,-59,-61,-59,-58,-55,-57,-59,-61,-64,-61,-59,-60,-61,-61,-59,-57,-58,-62,-68,-74,-73,-58,-30,13,59,108,168,217,233,208,153,96,44,3,-16,-23,-37,-47,-49,-47,-48,-52,-60,-69,-70,-73,-70,-73,-75,-78,-75,-74,-74,-75,-77,-78,-79,-80,-78,-78,-80,-80,-78,-77,-77,-77,-79,-82,-80,-78,-77,-79,-79,-81,-81,-78,-76,-76,0
-47,-50,-53,-55,-51,-52,-51,-54,-60,-63,-63,-64,-65,-67,-71,-73,-73,-76,-78,-80,-79,-76,-75,-77,-83,-84,-84,-85,-83,-81,-82,-85,-86,-82,-79,-80,-84,-85,-87,-90,-91,-93,-90,-82,-53,-5,41,92,143,195,219,202,151,92,38,-10,-37,-45,-50,-56,-65,-70,-71,-70,-73,-77,-85,-89,-89,-91,-90,-91,-96,-99,-97,-95,-94,-94,-96,-101,-100,-98,-96,-99,-100,-98,-98,-95,-93,-95,-95,-97,-98,-96,-95,-93,-95,-98,-95,-93,0
-49,-52,-54,-55,-54,-55,-58,-62,-63,-64,-64,-66,-71,-76,-78,-79,-77,-80,-80,-84,-87,-85,-82,-84,-84,-86,-87,-86,-83,-85,-87,-88,-85,-86,-84,-82,-84,-86,-91,-92,-94,-98,-95,-83,-54,-9,36,86,144,196,220,208,158,96,35,-15,-46,-56,-61,-71,-76,-79,-79,-79,-80,-86,-91,-94,-97,-97,-97,-101,-102,-101,-103,-100,-98,-98,-99,-102,-105,-102,-98,-98,-97,-98,-101,-100,-97,-98,-98,-99,-97,-97,-97,-97,-98,-98,-97,-94,0
-38,-39,-38,-40,-43,-44,-45,-46,-43,-47,-51,-52,-57,-59,-62,-62,-65,-67,-71,-70,-70,-72,-72,-74,-75,-72,-70,-70,-74,-77,-77,-75,-72,-74,-74,-74,-75,-78,-77,-81,-86,-86,-83,-60,-27,15,55,103,157,195,200,164,106,53,0,-40,-54,-60,-67,-74,-74,-72,-73,-78,-83,-91,-96,-94,-93,-96,-95,-100,-99,-97,-98,-98,-100,-103,-103,-100,-97,-97,-98,-102,-104,-104,-102,-99,-98,-100,-100,-103,-103,-104,-104,-104,-105,-101,-100,-98,0
-77,-69,-68,-65,-70,-76,-80,-78,-76,-80,-81,-86,-90,-91,-90,-92,-94,-95,-98,-95,-94,-93,-93,-95,-94,-91,-92,-101,-110,-110,-107,-100,-93,-90,-95,-102,-107,-109,-104,-105,-105,-108,-107,-92,-62,-16,37,95,156,205,213,170,103,41,-19,-58,-76,-81,-93,-97,-101,-101,-101,-101,-108,-113,-118,-115,-111,-111,-112,-113,-117,-115,-113,-114,-112,-113,-114,-114,-112,-110,-114,-112,-116,-114,-115,-113,-115,-114,-114,-116,-114,-112,-113,-112,-113,-111,-111,-113,0
-36,-40,-41,-44,-46,-47,-49,-50,-50,-51,-50,-50,-48,-51,-54,-55,-55,-57,-56,-61,-69,-73,-71,-73,-74,-71,-75,-73,-77,-76,-75,-72,-74,-75,-77,-75,-73,-69,-73,-77,-84,-88,-90,-76,-44,2,64,139,219,273,275,226,150,78,24,-3,-13,-20,-34,-40,-45,-47,-54,-61,-71,-75,-76,-79,-76,-79,-81,-85,-83,-82,-81,-80,-84,-86,-83,-83,-85,-87,-85,-86,-84,-82,-81,-83,-83,-85,-82,-80,-78,-81,-83,-84,-82,-78,-78,-79,0
-31,-30,-30,-30,-32,-37,-42,-41,-41,-43,-45,-46,-44,-42,-46,-50,-58,-60,-59,-61,-61,-66,-67,-67,-68,-67,-66,-64,-63,-68,-68,-63,-63,-67,-69,-70,-70,-67,-67,-66,-69,-71,-71,-73,-67,-41,3,64,139,215,265,261,209,138,72,21,-4,-11,-19,-29,-37,-41,-42,-47,-54,-57,-58,-60,-61,-64,-63,-61,-62,-72,-85,-94,-99,-99,-95,-91,-90,-90,-91,-90,-89,-85,-84,-84,-84,-84,-83,-83,-81,-83,-87,-87,-82,-80,-82,-82,0
-43,-43,-43,-43,-44,-47,-50,-50,-50,-49,-50,-53,-57,-59,-61,-62,-69,-74,-75,-73,-71,-70,-70,-72,-76,-74,-72,-72,-73,-75,-78,-78,-73,-71,-72,-76,-76,-76,-77,-79,-82,-89,-88,-73,-35,16,70,131,195,242,244,199,134,67,9,-21,-25,-33,-44,-48,-54,-59,-66,-72,-77,-80,-81,-81,-82,-85,-90,-96,-97,-93,-90,-89,-87,-87,-89,-88,-88,-92,-93,-95,-95,-94,-90,-90,-90,-90,-90,-87,-86,-89,-91,-93,-95,-93,-91,-92,0
-27,-33,-33,-36,-37,-41,-39,-42,-41,-42,-45,-48,-54,-58,-60,-61,-61,-64,-65,-67,-63,-62,-63,-64,-64,-68,-63,-62,-62,-65,-65,-67,-65,-60,-60,-63,-67,-67,-68,-71,-76,-77,-74,-60,-26,14,58,109,166,212,229,203,147,85,33,-8,-29,-31,-34,-37,-42,-49,-56,-58,-63,-69,-74,-79,-87,-86,-86,-84,-84,-89,-88,-87,-85,-86,-88,-88,-86,-86,-87,-88,-91,-91,-89,-87,-85,-84,-84,-86,-88,-83,-83,-86,-87,-88,-87,-86,0
-43,-46,-49,-48,-48,-46,-46,-48,-51,-51,-54,-56,-57,-60,-63,-68,-68,-68,-66,-68,-72,-70,-67,-64,-69,-72,-74,-75,-77,-74,-71,-72,-75,-77,-72,-66,-66,-69,-77,-80,-83,-83,-84,-77,-56,-16,31,85,149,206,233,217,170,114,60,6,-29,-39,-44,-53,-61,-66,-67,-71,-76,-84,-89,-90,-92,-89,-87,-90,-90,-93,-95,-95,-95,-96,-94,-92,-93,-92,-88,-86,-86,-88,-90,-93,-96,-97,-97,-95,-96,-95,-93,-88,-90,-91,-91,-93,0
-34,-33,-35,-37,-39,-40,-41,-45,-45,-44,-43,-45,-47,-52,-56,-56,-59,-59,-61,-63,-65,-66,-63,-61,-60,-63,-67,-68,-66,-63,-64,-67,-68,-69,-68,-65,-67,-71,-73,-75,-77,-78,-79,-72,-49,-8,38,96,162,219,238,207,147,90,36,-3,-19,-22,-27,-33,-38,-45,-49,-54,-61,-65,-73,-76,-79,-78,-77,-75,-77,-79,-82,-81,-80,-79,-80,-84,-84,-82,-81,-81,-81,-81,-80,-78,-77,-80,-81,-80,-83,-80,-84,-77,-78,-77,-80,-77,0
-18,-21,-24,-29,-31,-33,-32,-32,-32,-33,-32,-33,-38,-41,-46,-50,-52,-57,-54,-53,-53,-54,-52,-51,-53,-53,-58,-60,-58,-56,-55,-54,-56,-57,-59,-58,-55,-55,-59,-65,-68,-71,-64,-52,-26,6,57,120,190,238,243,199,134,75,34,11,4,1,-5,-10,-14,-21,-29,-42,-49,-55,-56,-57,-60,-64,-64,-66,-63,-64,-66,-69,-68,-67,-69,-68,-68,-71,-70,-71,-69,-70,-73,-72,-73,-69,-69,-68,-70,-73,-70,-70,-66,-66,-68,-70,0
-16,-19,-18,-17,-18,-22,-25,-25,-27,-27,-25,-28,-32,-35,-37,-41,-45,-46,-46,-49,-50,-51,-48,-48,-49,-53,-50,-50,-49,-49,-54,-56,-51,-54,-50,-51,-52,-53,-55,-58,-61,-65,-66,-63,-45,-9,37,93,159,217,231,199,141,79,30,10,11,7,0,-12,-23,-34,-45,-51,-54,-55,-61,-66,-70,-69,-69,-69,-69,-72,-71,-72,-68,-69,-70,-71,-75,-73,-71,-71,-72,-76,-76,-69,-69,-71,-72,-76,-74,-71,-69,-72,-73,-72,-72,-71,0
-25,-25,-26,-26,-29,-32,-35,-37,-34,-29,-32,-36,-41,-45,-45,-44,-46,-45,-50,-53,-51,-49,-51,-53,-55,-51,-51,-48,-48,-51,-55,-54,-52,-48,-50,-52,-53,-51,-51,-57,-64,-70,-73,-64,-39,-3,44,98,162,220,250,231,178,121,69,26,9,8,2,-8,-17,-19,-23,-30,-38,-44,-50,-54,-52,-52,-57,-60,-66,-68,-65,-62,-66,-65,-68,-66,-65,-64,-64,-65,-65,-65,-63,-64,-65,-64,-67,-67,-66,-64,-63,-66,-67,-69,-64,-61,0
-24,-26,-30,-32,-31,-30,-31,-32,-35,-39,-38,-37,-38,-45,-50,-52,-52,-51,-53,-52,-53,-54,-55,-56,-57,-57,-58,-59,-57,-56,-57,-57,-60,-63,-60,-56,-56,-61,-65,-72,-77,-80,-81,-68,-42,-3,46,99,162,214,236,208,155,101,53,15,2,0,-5,-12,-20,-24,-33,-45,-53,-58,-65,-72,-75,-75,-77,-77,-78,-78,-81,-83,-84,-80,-79,-82,-82,-84,-82,-80,-79,-84,-84,-84,-79,-80,-78,-80,-82,-80,-78,-76,-74,-78,-81,-82,0
-31,-33,-36,-40,-41,-40,-40,-42,-41,-42,-44,-45,-46,-50,-54,-58,-60,-59,-58,-59,-61,-63,-62,-61,-60,-62,-64,-64,-66,-58,-61,-63,-64,-64,-60,-60,-59,-60,-65,-70,-73,-77,-78,-72,-59,-24,20,67,126,188,227,222,180,126,77,32,4,-3,-6,-15,-21,-26,-34,-41,-44,-51,-57,-65,-62,-65,-66,-64,-67,-66,-68,-72,-70,-69,-67,-67,-67,-66,-67,-67,-67,-67,-68,-68,-71,-70,-66,-66,-65,-66,-68,-65,-65,-65,-69,-72,0
-6,-6,-12,-17,-16,-13,-15,-18,-21,-22,-23,-22,-23,-24,-24,-29,-35,-36,-41,-42,-43,-43,-44,-43,-46,-46,-46,-50,-51,-51,-49,-47,-47,-49,-53,-53,-52,-50,-50,-53,-61,-65,-69,-66,-56,-30,10,63,126,196,242,240,184,121,71,31,15,14,10,3,-3,-13,-23,-34,-48,-53,-58,-58,-58,-60,-65,-64,-63,-63,-63,-66,-68,-68,-68,-66,-67,-65,-69,-67,-67,-68,-67,-69,-69,-65,-61,-62,-61,-62,-62,-64,-66,-67,-66,-63,0
-13,-17,-21,-20,-19,-23,-25,-29,-30,-30,-30,-31,-32,-36,-40,-42,-45,-45,-46,-48,-51,-52,-53,-53,-56,-57,-57,-57,-55,-58,-59,-60,-56,-57,-55,-56,-57,-60,-61,-64,-69,-72,-73,-64,-29,9,56,116,184,232,236,191,130,72,27,5,5,1,-3,-11,-20,-30,-37,-45,-49,-60,-66,-68,-70,-69,-66,-68,-70,-74,-74,-74,-70,-73,-73,-75,-77,-75,-71,-72,-75,-78,-78,-76,-73,-75,-74,-76,-73,-75,-72,-73,-75,-76,-74,-74,0
-37,-38,-40,-40,-41,-42,-46,-46,-47,-47,-48,-52,-52,-55,-59,-63,-64,-67,-68,-70,-68,-66,-67,-68,-69,-73,-72,-71,-71,-71,-77,-76,-78,-74,-72,-72,-74,-74,-77,-79,-84,-88,-91,-89,-65,-28,17,69,131,187,212,191,136,76,24,-9,-16,-17,-22,-30,-37,-47,-57,-64,-72,-78,-83,-87,-89,-87,-87,-91,-93,-94,-94,-94,-95,-96,-94,-97,-97,-96,-94,-94,-95,-94,-95,-94,-94,-93,-95,-96,-97,-97,-93,-95,-98,-98,-98,-97,0
-51,-53,-55,-56,-57,-60,-63,-66,-66,-63,-62,-68,-67,-71,-76,-77,-76,-77,-82,-85,-88,-86,-82,-81,-81,-84,-88,-86,-82,-84,-86,-86,-85,-82,-81,-85,-87,-85,-86,-87,-93,-97,-99,-90,-62,-16,41,102,171,220,221,175,115,50,-6,-35,-49,-59,-71,-78,-78,-80,-84,-86,-91,-95,-101,-104,-101,-100,-101,-102,-103,-106,-106,-104,-100,-102,-102,-107,-105,-105,-102,-103,-106,-106,-106,-103,-102,-101,-100,-102,-103,-100,-98,-96,-100,-100,-101,-98,0
-25,-26,-27,-26,-28,-33,-36,-36,-36,-36,-32,-34,-39,-42,-41,-44,-50,-52,-52,-56,-55,-53,-54,-57,-61,-62,-61,-58,-58,-59,-62,-62,-62,-60,-59,-62,-63,-61,-61,-65,-73,-78,-79,-73,-47,-6,44,105,170,229,253,220,161,99,47,17,11,9,-1,-10,-20,-29,-38,-48,-58,-67,-73,-73,-72,-71,-72,-74,-77,-81,-79,-77,-77,-80,-83,-81,-81,-79,-81,-80,-81,-83,-80,-79,-77,-79,-83,-78,-78,-78,-78,-79,-80,-79,-78,-74,0
-21,-28,-31,-32,-30,-32,-34,-37,-41,-42,-40,-39,-42,-45,-48,-51,-53,-52,-58,-64,-64,-66,-63,-64,-66,-68,-66,-67,-66,-70,-68,-70,-71,-71,-72,-70,-67,-70,-74,-76,-78,-79,-77,-72,-55,-20,23,69,126,186,215,199,146,91,37,2,-10,-12,-18,-25,-34,-41,-49,-62,-67,-74,-78,-79,-72,-68,-69,-77,-89,-99,-102,-99,-94,-94,-95,-95,-95,-97,-93,-92,-87,-91,-95,-97,-95,-92,-93,-94,-94,-95,-91,-93,-92,-91,-92,-94,0
-26,-28,-29,-26,-26,-30,-32,-36,-35,-36,-35,-34,-35,-41,-45,-49,-46,-49,-52,-56,-58,-55,-56,-55,-58,-60,-62,-59,-57,-59,-61,-60,-61,-61,-59,-59,-62,-61,-61,-61,-66,-72,-77,-74,-55,-17,33,88,157,214,240,216,160,100,47,15,3,0,-9,-18,-25,-33,-39,-44,-52,-57,-61,-66,-69,-67,-66,-68,-70,-69,-74,-74,-72,-70,-67,-70,-71,-70,-69,-70,-73,-75,-75,-71,-70,-70,-69,-70,-71,-69,-69,-66,-70,-68,-69,-68,0
-13,-15,-17,-13,-12,-18,-24,-23,-22,-20,-20,-22,-26,-32,-30,-36,-39,-44,-48,-49,-47,-45,-44,-49,-51,-48,-44,-42,-41,-43,-45,-44,-44,-48,-49,-50,-50,-48,-51,-56,-64,-67,-69,-59,-30,11,60,114,173,227,247,216,159,103,51,13,0,0,-5,-12,-19,-24,-30,-38,-49,-58,-59,-58,-53,-54,-60,-67,-68,-65,-63,-62,-64,-69,-72,-70,-68,-70,-67,-68,-67,-64,-64,-62,-63,-63,-66,-65,-65,-65,-63,-65,-64,-61,-60,-61,0
-51,-50,-51,-52,-59,-63,-64,-65,-66,-68,-71,-76,-77,-76,-76,-79,-82,-81,-82,-81,-80,-78,-81,-84,-82,-80,-80,-79,-81,-82,-81,-80,-81,-81,-84,-89,-95,-108,-116,-118,-110,-97,-78,-42,18,94,170,238,302,350,370,360,317,228,124,26,-47,-88,-104,-105,-97,-81,-66,-59,-64,-72,-75,-75,-76,-76,-79,-84,-86,-87,-86,-87,-90,-93,-92,-90,-89,-92,-93,-97,-94,-91,-93,-92,-94,-95,-93,-95,-95,-94,-93,-97,-94,-92,-91,-88,0
-64,-62,-60,-64,-68,-71,-75,-76,-76,-78,-81,-81,-84,-86,-85,-86,-87,-90,-90,-90,-90,-87,-88,-88,-92,-91,-90,-90,-88,-90,-91,-90,-87,-87,-89,-92,-102,-114,-124,-127,-118,-107,-91,-55,9,89,175,246,307,350,368,346,273,158,39,-52,-97,-110,-108,-101,-84,-71,-68,-75,-79,-83,-83,-83,-81,-86,-91,-95,-99,-99,-97,-97,-97,-102,-103,-104,-100,-99,-100,-98,-102,-100,-99,-97,-99,-99,-102,-100,-98,-96,-98,-95,-99,-94,-94,-94,0
-68,-64,-65,-68,-73,-77,-78,-76,-77,-79,-83,-86,-86,-89,-89,-91,-91,-91,-89,-87,-87,-90,-93,-94,-92,-90,-89,-88,-89,-91,-91,-90,-89,-90,-91,-95,-103,-114,-120,-117,-107,-94,-72,-34,34,107,180,243,301,337,340,301,212,98,-5,-73,-105,-115,-114,-96,-76,-67,-69,-79,-82,-86,-83,-84,-85,-88,-94,-95,-96,-95,-95,-96,-97,-99,-97,-97,-98,-96,-98,-97,-96,-94,-95,-97,-98,-98,-98,-95,-96,-94,-96,-98,-97,-91,-90,-90,0
-63,-60,-57,-56,-61,-63,-68,-70,-69,-71,-76,-79,-80,-77,-79,-80,-81,-84,-87,-83,-84,-85,-85,-86,-86,-86,-86,-83,-85,-87,-87,-85,-84,-85,-84,-87,-93,-101,-111,-117,-111,-99,-82,-46,15,97,180,254,313,354,364,331,249,132,17,-67,-108,-112,-103,-85,-70,-65,-66,-73,-78,-80,-79,-82,-84,-87,-88,-90,-91,-92,-91,-90,-92,-96,-96,-93,-93,-92,-93,-93,-94,-93,-94,-94,-94,-94,-96,-94,-90,-90,-91,-91,-91,-92,-89,-86,0
-61,-58,-57,-58,-61,-62,-65,-67,-67,-72,-76,-77,-76,-78,-81,-84,-86,-85,-84,-86,-85,-88,-87,-85,-86,-85,-85,-86,-88,-89,-84,-83,-85,-85,-89,-90,-96,-106,-116,-118,-113,-96,-72,-30,36,118,197,274,333,364,365,331,243,128,18,-56,-96,-106,-101,-85,-69,-59,-63,-74,-80,-78,-77,-77,-82,-86,-89,-89,-87,-87,-91,-93,-94,-93,-91,-91,-91,-93,-96,-95,-93,-93,-93,-92,-95,-94,-93,-90,-90,-92,-94,-91,-89,-88,-87,-87,0
-60,-62,-65,-70,-70,-73,-73,-74,-76,-76,-80,-81,-83,-83,-84,-85,-89,-88,-84,-85,-85,-86,-86,-84,-82,-83,-87,-83,-84,-83,-83,-82,-82,-84,-90,-94,-106,-116,-119,-112,-103,-86,-57,-11,54,120,187,253,315,357,375,360,311,218,110,16,-54,-88,-102,-102,-97,-82,-69,-62,-65,-69,-71,-75,-75,-79,-82,-79,-80,-84,-87,-89,-91,-92,-89,-92,-90,-93,-94,-92,-88,-90,-92,-92,-97,-93,-93,-91,-92,-94,-94,-91,-92,-91,-89,-90,0
-58,-61,-62,-64,-66,-70,-71,-74,-73,-74,-77,-79,-81,-82,-82,-80,-80,-82,-86,-88,-85,-86,-85,-83,-85,-84,-83,-80,-81,-82,-83,-83,-81,-80,-82,-84,-95,-106,-112,-112,-101,-88,-63,-21,44,114,182,251,307,340,354,334,267,169,70,-10,-66,-95,-105,-104,-91,-73,-63,-59,-69,-75,-78,-79,-75,-76,-80,-85,-86,-89,-87,-86,-86,-85,-89,-89,-91,-89,-86,-86,-90,-92,-89,-89,-87,-88,-89,-91,-90,-87,-85,-87,-89,-90,-88,-85,0
-51,-50,-52,-52,-52,-52,-55,-60,-63,-65,-66,-68,-66,-69,-73,-76,-75,-75,-77,-77,-78,-78,-79,-77,-78,-78,-79,-80,-79,-77,-76,-77,-80,-80,-79,-77,-80,-89,-104,-114,-108,-95,-76,-49,-1,74,158,238,303,347,365,348,284,182,69,-24,-79,-102,-98,-84,-65,-56,-54,-64,-70,-70,-70,-67,-73,-79,-80,-80,-79,-82,-83,-84,-86,-84,-83,-83,-85,-85,-85,-84,-81,-82,-84,-85,-85,-82,-81,-82,-82,-84,-82,-82,-77,-78,-80,-83,0
-52,-53,-54,-58,-59,-61,-66,-68,-72,-71,-72,-73,-75,-77,-81,-80,-79,-77,-81,-82,-83,-82,-81,-81,-81,-82,-81,-80,-78,-74,-79,-81,-81,-83,-82,-84,-91,-105,-120,-116,-105,-90,-70,-35,23,102,181,251,312,357,371,351,280,175,60,-31,-78,-96,-97,-91,-81,-66,-56,-59,-64,-68,-70,-75,-75,-74,-77,-78,-81,-85,-89,-86,-88,-88,-89,-88,-90,-88,-86,-87,-87,-88,-91,-88,-86,-85,-87,-86,-87,-86,-83,-82,-81,-82,-86,-84,0
-48,-47,-47,-51,-52,-54,-54,-58,-62,-62,-64,-64,-64,-66,-69,-70,-74,-69,-70,-71,-71,-73,-74,-70,-71,-73,-73,-76,-72,-69,-71,-74,-71,-74,-73,-73,-78,-92,-105,-111,-103,-89,-71,-43,10,80,162,234,298,346,368,362,310,214,102,4,-59,-87,-92,-90,-81,-63,-47,-49,-54,-59,-59,-60,-63,-66,-67,-67,-69,-74,-73,-75,-76,-75,-75,-75,-77,-81,-78,-77,-75,-77,-77,-80,-76,-76,-75,-76,-76,-76,-73,-73,-69,-72,-72,-73,0
-45,-43,-40,-41,-45,-49,-54,-55,-57,-56,-60,-63,-66,-66,-65,-68,-71,-72,-73,-72,-70,-69,-71,-72,-73,-72,-70,-71,-69,-75,-74,-72,-70,-70,-70,-75,-82,-90,-100,-103,-94,-81,-62,-23,35,107,179,243,298,341,359,351,305,221,118,24,-43,-82,-100,-101,-90,-68,-50,-47,-54,-59,-65,-64,-64,-64,-68,-69,-75,-75,-75,-74,-75,-78,-80,-81,-80,-78,-78,-82,-82,-79,-79,-78,-78,-80,-84,-81,-78,-78,-78,-79,-81,-76,-76,-73,0
-56,-53,-52,-56,-59,-62,-67,-66,-64,-66,-70,-74,-76,-75,-77,-77,-80,-81,-84,-81,-78,-77,-80,-83,-82,-81,-78,-80,-80,-80,-81,-79,-78,-79,-81,-88,-100,-111,-119,-116,-106,-94,-74,-32,33,103,173,235,293,341,362,356,312,230,117,17,-55,-89,-102,-100,-87,-69,-55,-56,-64,-70,-72,-73,-74,-72,-78,-83,-86,-85,-84,-87,-86,-90,-90,-89,-89,-88,-90,-92,-94,-93,-90,-89,-89,-88,-91,-89,-86,-89,-88,-89,-90,-87,-86,-85,0
-63,-64,-69,-72,-75,-75,-74,-77,-80,-82,-85,-82,-81,-84,-86,-88,-89,-85,-85,-85,-86,-88,-88,-88,-85,-86,-83,-86,-87,-87,-86,-86,-86,-88,-90,-94,-102,-113,-116,-113,-102,-84,-58,-10,56,123,186,243,290,316,324,304,250,166,77,0,-60,-94,-109,-110,-101,-84,-70,-67,-72,-77,-79,-81,-81,-83,-82,-83,-85,-88,-90,-91,-94,-91,-92,-92,-93,-94,-94,-95,-94,-92,-96,-97,-98,-97,-94,-94,-94,-94,-94,-95,-91,-93,-92,-94,0
-71,-73,-76,-76,-79,-83,-85,-83,-84,-86,-89,-89,-91,-90,-88,-89,-92,-92,-95,-93,-91,-89,-93,-93,-92,-91,-89,-89,-91,-92,-92,-91,-91,-93,-98,-110,-125,-129,-126,-119,-107,-96,-72,-29,37,106,175,238,294,338,354,341,288,198,89,-5,-66,-98,-107,-109,-104,-89,-71,-64,-68,-77,-80,-83,-81,-83,-84,-88,-89,-93,-92,-96,-95,-98,-98,-97,-97,-100,-98,-100,-101,-101,-99,-99,-99,-101,-103,-99,-98,-100,-99,-100,-100,-98,-97,-97,0
-76,-79,-82,-85,-85,-84,-87,-88,-92,-93,-95,-92,-93,-96,-96,-95,-96,-95,-95,-96,-95,-97,-97,-95,-95,-95,-98,-99,-95,-93,-96,-96,-98,-98,-98,-100,-111,-125,-133,-131,-118,-102,-84,-44,15,90,165,233,293,332,350,341,293,203,90,-11,-78,-107,-113,-113,-109,-96,-82,-76,-78,-84,-87,-90,-91,-95,-94,-93,-94,-100,-101,-103,-103,-103,-102,-104,-107,-106,-107,-104,-103,-105,-108,-107,-106,-103,-104,-107,-108,-107,-103,-103,-104,-104,-106,-104,0
-80,-81,-84,-85,-89,-90,-87,-88,-90,-90,-92,-90,-89,-90,-89,-91,-92,-92,-89,-89,-89,-93,-91,-91,-89,-89,-88,-93,-93,-89,-86,-85,-86,-89,-88,-87,-89,-97,-112,-120,-117,-103,-83,-59,-8,63,145,225,295,347,366,348,281,165,52,-43,-91,-105,-107,-98,-78,-63,-61,-69,-76,-76,-76,-74,-77,-81,-86,-91,-85,-88,-89,-88,-91,-90,-86,-86,-89,-90,-91,-88,-87,-85,-86,-88,-88,-87,-84,-82,-83,-86,-86,-82,-80,-77,-80,-79,0
-55,-57,-58,-58,-60,-62,-63,-63,-61,-61,-61,-65,-64,-61,-60,-62,-65,-64,-66,-64,-66,-64,-65,-63,-64,-63,-60,-63,-60,-61,-63,-59,-60,-58,-60,-63,-65,-73,-84,-93,-92,-83,-67,-42,9,83,167,241,306,358,378,371,312,205,81,-14,-65,-80,-83,-72,-55,-39,-36,-43,-48,-50,-51,-52,-52,-56,-59,-62,-62,-63,-64,-61,-62,-65,-67,-65,-63,-64,-66,-68,-67,-65,-66,-66,-67,-66,-65,-65,-62,-63,-62,-63,-64,-61,-59,-58,0
-76,-79,-81,-84,-87,-87,-83,-85,-87,-87,-89,-86,-86,-85,-85,-88,-92,-88,-89,-88,-89,-91,-93,-92,-88,-89,-88,-88,-89,-87,-86,-86,-87,-91,-93,-99,-108,-118,-121,-113,-102,-83,-53,-2,67,133,195,257,305,329,331,298,221,116,15,-51,-89,-109,-118,-115,-96,-78,-71,-75,-81,-81,-80,-78,-82,-88,-92,-93,-93,-95,-92,-96,-97,-97,-95,-94,-96,-100,-99,-97,-95,-95,-96,-98,-98,-99,-95,-95,-95,-97,-96,-96,-95,-94,-94,-94,0
-82,-83,-84,-88,-94,-98,-97,-98,-101,-102,-105,-106,-111,-109,-110,-113,-112,-113,-112,-111,-111,-110,-114,-115,-112,-111,-112,-111,-114,-113,-111,-109,-111,-112,-115,-116,-117,-123,-135,-145,-145,-131,-113,-89,-41,27,103,178,248,299,324,320,282,198,90,-9,-81,-123,-135,-133,-125,-107,-93,-90,-96,-103,-104,-104,-106,-108,-111,-114,-116,-115,-116,-119,-122,-127,-123,-120,-121,-122,-124,-124,-122,-120,-120,-122,-123,-122,-123,-120,-119,-121,-121,-121,-120,-118,-118,-118,0
-93,-95,-100,-103,-106,-104,-105,-108,-111,-114,-116,-117,-116,-119,-120,-122,-122,-120,-120,-119,-121,-123,-124,-122,-120,-123,-125,-123,-122,-121,-116,-118,-118,-118,-120,-122,-127,-138,-147,-152,-146,-132,-112,-80,-20,53,131,206,273,320,337,319,249,145,34,-55,-113,-131,-139,-136,-129,-112,-99,-97,-103,-108,-109,-110,-110,-111,-114,-118,-116,-119,-120,-122,-125,-120,-121,-121,-123,-124,-126,-124,-121,-122,-122,-125,-126,-124,-123,-124,-124,-124,-126,-125,-122,-120,-123,-123,0
-89,-92,-96,-101,-101,-100,-101,-100,-104,-106,-106,-105,-105,-108,-109,-110,-107,-106,-106,-106,-108,-109,-109,-105,-106,-107,-107,-109,-105,-103,-103,-105,-110,-110,-115,-120,-128,-136,-133,-122,-108,-92,-59,-7,60,126,187,246,296,325,333,309,244,150,48,-34,-88,-118,-127,-121,-113,-97,-84,-84,-87,-89,-91,-94,-99,-101,-97,-98,-99,-103,-108,-107,-107,-106,-106,-107,-109,-112,-109,-108,-108,-110,-110,-114,-110,-108,-107,-110,-108,-109,-108,-105,-105,-106,-108,-108,0
-63,-64,-67,-71,-70,-74,-76,-80,-82,-83,-81,-85,-86,-87,-88,-88,-85,-91,-88,-90,-92,-90,-87,-88,-89,-90,-90,-87,-86,-86,-89,-89,-92,-88,-88,-96,-105,-119,-128,-123,-113,-98,-79,-43,18,97,173,246,312,354,372,364,315,213,97,-5,-75,-103,-107,-103,-95,-78,-68,-65,-70,-75,-79,-80,-81,-82,-81,-87,-90,-93,-96,-93,-90,-94,-95,-97,-97,-96,-94,-96,-95,-97,-98,-96,-95,-95,-95,-96,-98,-95,-93,-92,-93,-92,-92,-92,0
-58,-59,-58,-55,-57,-64,-70,-72,-75,-71,-72,-77,-76,-81,-82,-80,-79,-81,-84,-85,-85,-84,-82,-83,-85,-86,-88,-84,-79,-82,-83,-84,-85,-84,-81,-83,-92,-105,-115,-117,-106,-91,-71,-34,28,108,189,258,317,357,372,352,282,167,46,-45,-90,-103,-103,-97,-79,-63,-57,-61,-66,-72,-73,-73,-75,-76,-76,-79,-81,-82,-83,-83,-82,-85,-86,-88,-87,-87,-83,-84,-85,-88,-86,-86,-84,-83,-87,-86,-86,-83,-81,-80,-83,-83,-82,-82,0
-49,-45,-46,-51,-55,-58,-59,-59,-59,-62,-65,-67,-66,-66,-70,-72,-75,-74,-74,-72,-74,-74,-74,-75,-71,-73,-72,-71,-72,-73,-72,-70,-71,-72,-74,-75,-80,-88,-98,-105,-99,-87,-67,-33,21,87,159,229,294,338,358,345,286,185,71,-13,-69,-93,-96,-87,-66,-49,-47,-56,-63,-67,-67,-65,-67,-70,-75,-76,-77,-75,-77,-79,-81,-81,-79,-77,-77,-81,-83,-80,-78,-76,-77,-76,-80,-80,-78,-76,-75,-76,-78,-76,-74,-73,-72,-72,0
-45,-45,-49,-51,-52,-58,-58,-59,-60,-61,-64,-67,-70,-67,-66,-69,-71,-74,-72,-70,-70,-71,-71,-76,-73,-71,-71,-70,-72,-72,-74,-70,-69,-70,-71,-77,-85,-94,-104,-105,-101,-87,-66,-29,31,108,182,253,322,372,393,380,326,226,107,7,-58,-87,-95,-91,-76,-58,-45,-48,-57,-61,-64,-63,-65,-64,-69,-75,-77,-77,-75,-78,-79,-79,-81,-80,-76,-79,-81,-81,-80,-78,-77,-78,-80,-81,-80,-79,-75,-76,-77,-79,-79,-76,-73,-75,0
-47,-50,-50,-52,-55,-58,-61,-62,-62,-62,-63,-66,-69,-71,-73,-70,-72,-73,-75,-75,-73,-72,-73,-74,-79,-78,-76,-74,-71,-72,-74,-75,-73,-70,-73,-77,-89,-103,-110,-109,-96,-82,-59,-9,61,141,218,286,340,376,385,369,312,211,100,1,-60,-85,-90,-91,-85,-66,-52,-47,-54,-63,-66,-67,-67,-65,-69,-73,-76,-80,-78,-78,-78,-79,-83,-84,-82,-81,-81,-83,-85,-86,-82,-79,-80,-81,-83,-83,-81,-79,-79,-80,-83,-80,-77,-73,0
-53,-51,-52,-58,-62,-66,-63,-62,-67,-70,-74,-74,-70,-72,-72,-77,-77,-78,-76,-74,-75,-76,-76,-77,-78,-75,-76,-76,-77,-76,-75,-73,-73,-73,-79,-78,-82,-92,-106,-109,-104,-91,-72,-38,21,97,170,243,310,348,361,341,277,176,69,-15,-70,-95,-101,-95,-76,-57,-51,-57,-64,-66,-67,-65,-66,-69,-75,-76,-79,-76,-77,-79,-81,-82,-82,-79,-80,-83,-83,-84,-80,-81,-82,-83,-85,-82,-80,-78,-79,-81,-82,-81,-78,-76,-78,-79,0
-56,-58,-57,-57,-57,-62,-64,-69,-64,-64,-65,-68,-70,-69,-71,-68,-68,-70,-72,-74,-71,-69,-69,-71,-72,-71,-69,-68,-65,-68,-72,-72,-71,-71,-75,-85,-95,-97,-91,-79,-64,-43,-8,51,117,180,237,286,324,345,346,309,229,127,33,-40,-78,-94,-91,-83,-65,-54,-46,-50,-55,-59,-66,-63,-61,-61,-62,-69,-75,-72,-74,-72,-74,-74,-76,-75,-77,-76,-74,-74,-80,-74,-75,-73,-72,-74,-77,-76,-73,-73,-72,-72,-75,-76,-74,-74,0
-40,-39,-39,-39,-43,-44,-46,-51,-52,-57,-60,-59,-60,-60,-63,-66,-68,-69,-67,-66,-68,-71,-68,-67,-66,-66,-67,-69,-69,-68,-65,-66,-67,-68,-69,-71,-75,-86,-102,-109,-100,-88,-66,-28,29,103,182,259,329,378,398,383,320,213,97,-6,-69,-93,-93,-82,-60,-41,-40,-47,-53,-57,-57,-56,-61,-64,-68,-70,-68,-69,-71,-74,-77,-75,-74,-74,-77,-77,-78,-75,-74,-73,-74,-78,-76,-75,-73,-73,-73,-75,-74,-73,-69,-69,-70,-73,0
-37,-41,-45,-47,-46,-40,-40,-43,-47,-52,-54,-54,-57,-56,-60,-66,-65,-63,-64,-66,-67,-70,-71,-68,-67,-68,-67,-70,-71,-69,-65,-64,-66,-70,-69,-68,-70,-74,-86,-105,-105,-97,-84,-63,-23,40,126,214,295,358,390,385,331,224,100,-8,-73,-93,-91,-79,-61,-44,-43,-50,-58,-60,-59,-60,-63,-71,-73,-72,-71,-73,-76,-77,-77,-76,-75,-77,-75,-77,-81,-77,-76,-75,-77,-79,-77,-75,-75,-75,-76,-76,-75,-73,-72,-69,-71,-72,0
-49,-45,-43,-42,-45,-50,-56,-58,-58,-55,-59,-62,-65,-65,-65,-65,-67,-67,-73,-72,-70,-65,-65,-69,-70,-69,-69,-68,-68,-68,-68,-67,-68,-67,-68,-74,-87,-98,-100,-94,-80,-66,-38,16,84,160,225,290,338,368,373,341,263,157,52,-27,-71,-88,-92,-84,-70,-50,-45,-49,-55,-60,-64,-64,-62,-64,-68,-72,-77,-76,-75,-72,-72,-78,-78,-78,-75,-74,-74,-75,-78,-79,-77,-75,-74,-75,-79,-76,-75,-72,-73,-72,-73,-74,-73,-70,0
-56,-58,-60,-59,-58,-56,-57,-59,-59,-58,-58,-56,-55,-58,-57,-58,-55,-57,-57,-57,-59,-59,-57,-54,-53,-55,-56,-57,-53,-50,-50,-47,-49,-44,-36,-22,19,111,191,174,105,73,86,106,124,144,175,212,248,275,285,277,242,195,142,96,53,10,-29,-61,-79,-87,-90,-91,-88,-87,-84,-85,-87,-84,-84,-81,-82,-86,-86,-86,-85,-85,-86,-90,-93,-92,-90,-88,-89,-91,-96,-93,-92,-92,-92,-96,-100,-100,-98,-101,-99,-100,-105,-101,0
-65,-65,-66,-64,-64,-65,-65,-64,-67,-65,-64,-63,-63,-67,-65,-63,-60,-60,-61,-61,-62,-60,-58,-59,-58,-58,-58,-56,-54,-55,-55,-52,-52,-50,-48,-41,-30,-8,32,126,219,217,153,113,121,159,193,224,253,282,300,299,275,232,184,136,95,61,22,-17,-56,-80,-93,-94,-91,-92,-92,-90,-91,-87,-86,-83,-83,-85,-85,-85,-83,-81,-83,-85,-87,-86,-86,-85,-88,-87,-90,-87,-87,-89,-89,-90,-92,-92,-92,-94,-97,-99,-100,-98,0
-45,-45,-45,-41,-42,-43,-45,-48,-46,-39,-42,-46,-49,-45,-45,-43,-47,-46,-49,-50,-48,-44,-43,-43,-45,-44,-42,-41,-39,-41,-42,-41,-40,-41,-34,-31,-23,-6,12,31,50,66,83,110,146,181,202,203,227,304,336,287,199,132,87,53,16,-19,-46,-60,-68,-72,-68,-64,-61,-62,-63,-62,-60,-57,-57,-60,-62,-61,-62,-61,-65,-67,-70,-70,-67,-67,-70,-72,-76,-76,-75,-74,-77,-79,-80,-82,-81,-81,-83,-86,-89,-89,-87,-89,0
-48,-47,-49,-49,-52,-52,-53,-54,-56,-55,-48,-46,-46,-50,-53,-48,-46,-44,-44,-42,-38,-29,-8,47,142,175,109,31,1,9,14,13,4,6,9,12,15,20,28,46,63,78,91,98,106,117,134,153,173,190,201,200,178,142,104,64,25,-11,-46,-76,-98,-111,-111,-104,-98,-95,-94,-94,-93,-91,-88,-85,-85,-87,-91,-89,-86,-82,-88,-89,-92,-90,-87,-87,-88,-89,-89,-91,-91,-88,-91,-90,-93,-94,-92,-92,-92,-95,-96,-95,0
-46,-43,-44,-45,-46,-46,-46,-46,-44,-44,-47,-47,-48,-43,-45,-43,-47,-50,-49,-47,-45,-44,-47,-49,-48,-47,-44,-45,-48,-51,-47,-45,-44,-43,-45,-45,-43,-40,-38,-36,-37,-36,-35,-33,-25,-21,-11,9,64,155,213,169,85,36,32,39,39,29,21,14,15,13,15,15,13,9,7,10,10,7,5,1,-1,-4,-10,-17,-25,-35,-41,-52,-69,-87,-99,-109,-117,-124,-135,-146,-158,-163,-168,-171,-171,-172,-175,-179,-177,-173,-175,-173,0
-93,-91,-89,-88,-81,-79,-79,-82,-86,-91,-89,-84,-76,-77,-82,-85,-87,-83,-79,-79,-84,-91,-92,-88,-86,-85,-87,-94,-94,-89,-84,-80,-79,-79,-80,-81,-74,-58,-46,-35,-20,-4,13,36,62,90,109,120,176,285,344,312,248,195,153,114,76,35,-2,-39,-67,-87,-98,-105,-109,-109,-102,-103,-110,-120,-120,-113,-111,-112,-115,-118,-115,-113,-112,-113,-118,-119,-115,-108,-108,-113,-118,-121,-122,-121,-120,-121,-124,-130,-134,-139,-137,-137,-134,-140,0
16,19,19,19,19,18,19,16,14,13,14,16,23,25,25,19,15,15,18,21,24,25,27,24,22,27,28,24,23,23,23,24,25,27,25,21,23,26,23,26,26,24,25,28,32,36,41,55,99,191,244,199,122,84,87,102,105,100,89,81,80,78,83,80,78,73,72,74,75,74,68,64,57,51,42,31,19,3,-5,-15,-24,-38,-51,-63,-66,-69,-73,-78,-81,-83,-80,-77,-77,-74,-73,-70,-66,-55,-42,-28,0
35,34,37,36,35,34,31,32,33,35,31,30,30,31,31,32,31,27,29,31,33,33,29,28,32,36,36,35,32,30,30,30,33,32,33,29,30,30,32,32,30,29,29,31,37,39,47,61,94,172,236,204,127,83,77,86,83,77,70,66,65,69,71,68,66,61,57,54,51,47,42,37,26,21,18,10,0,-11,-29,-44,-53,-62,-75,-83,-94,-103,-106,-109,-113,-116,-119,-117,-114,-114,-114,-114,-114,-109,-102,-97,0
-45,-45,-43,-40,-42,-45,-45,-45,-43,-42,-42,-43,-44,-45,-43,-42,-41,-42,-42,-42,-42,-40,-41,-42,-42,-42,-38,-35,-36,-40,-41,-41,-37,-36,-32,-23,-12,31,124,192,171,117,94,107,135,161,180,201,224,246,262,258,229,186,140,101,73,44,12,-20,-45,-59,-65,-62,-65,-70,-71,-67,-67,-64,-62,-60,-63,-64,-62,-62,-62,-64,-65,-64,-66,-65,-67,-69,-69,-70,-69,-69,-71,-73,-76,-77,-76,-77,-81,-81,-81,-81,-81,-80,0
-35,-40,-48,-56,-65,-72,-76,-78,-76,-76,-74,-76,-79,-83,-79,-79,-76,-74,-75,-78,-77,-76,-73,-75,-74,-80,-77,-74,-75,-74,-74,-72,-71,-71,-73,-74,-74,-71,-60,-42,-17,10,47,80,118,155,183,205,220,232,236,218,192,165,142,115,82,51,29,19,1,-21,-39,-49,-57,-65,-75,-86,-94,-99,-101,-104,-110,-112,-110,-108,-104,-108,-108,-110,-109,-106,-103,-106,-106,-107,-109,-105,-103,-102,-105,-107,-104,-102,-101,-102,-105,-107,-107,-103,0
-33,-34,-37,-41,-48,-54,-65,-72,-78,-79,-81,-81,-83,-82,-80,-82,-84,-84,-80,-79,-79,-80,-78,-78,-77,-76,-78,-80,-79,-77,-75,-74,-73,-77,-78,-77,-78,-78,-77,-74,-66,-45,-18,18,54,92,128,166,196,217,235,235,213,182,156,132,106,77,49,35,31,19,0,-23,-38,-50,-59,-70,-83,-91,-98,-99,-99,-102,-104,-108,-112,-110,-108,-104,-103,-104,-106,-105,-99,-95,-97,-99,-102,-103,-101,-99,-100,-98,-99,-98,-98,-97,-100,-101,0
-34,-34,-36,-36,-42,-51,-63,-70,-74,-75,-74,-78,-81,-80,-78,-75,-76,-77,-81,-77,-75,-75,-76,-75,-76,-74,-71,-70,-71,-73,-75,-72,-70,-68,-68,-71,-76,-76,-72,-64,-46,-20,11,48,83,122,155,185,206,221,231,228,207,177,151,130,108,74,38,16,-3,-16,-35,-49,-61,-73,-82,-90,-94,-98,-99,-107,-112,-114,-113,-111,-112,-113,-117,-114,-111,-110,-109,-111,-114,-112,-110,-109,-105,-106,-109,-107,-106,-106,-104,-105,-107,-107,-105,-107,0
-21,-26,-30,-28,-29,-34,-46,-56,-65,-68,-68,-67,-72,-73,-75,-74,-71,-68,-69,-70,-69,-70,-70,-66,-63,-65,-68,-66,-67,-63,-62,-62,-64,-63,-61,-61,-63,-65,-67,-66,-55,-33,-2,37,71,112,154,189,210,228,236,228,207,179,154,135,114,92,62,34,13,-6,-22,-39,-54,-66,-73,-84,-97,-100,-102,-100,-101,-103,-107,-109,-108,-108,-108,-107,-104,-103,-103,-102,-102,-101,-100,-99,-98,-98,-99,-99,-97,-93,-94,-94,-95,-99,-98,-94,0
-13,-15,-18,-22,-22,-24,-26,-38,-52,-60,-65,-66,-67,-68,-67,-66,-68,-68,-67,-67,-68,-65,-67,-65,-64,-65,-65,-65,-62,-59,-61,-61,-61,-56,-54,-55,-58,-63,-62,-58,-49,-32,-9,23,60,103,148,187,215,239,247,239,216,192,167,148,125,93,62,43,28,5,-16,-32,-46,-54,-65,-77,-89,-92,-92,-97,-97,-99,-100,-99,-102,-103,-101,-99,-99,-99,-95,-95,-96,-97,-98,-100,-97,-94,-94,-93,-94,-93,-93,-96,-95,-96,-96,-96,0
-17,-18,-23,-26,-31,-36,-44,-55,-61,-71,-70,-67,-66,-68,-70,-74,-69,-68,-66,-66,-68,-68,-66,-65,-64,-64,-66,-68,-64,-61,-59,-58,-60,-64,-60,-62,-62,-63,-62,-60,-47,-28,0,36,73,111,151,188,215,232,242,233,213,188,167,151,131,105,72,44,27,14,-4,-26,-43,-55,-63,-72,-82,-89,-91,-93,-93,-94,-97,-99,-101,-100,-99,-100,-99,-100,-99,-96,-94,-95,-94,-97,-95,-93,-93,-94,-99,-99,-97,-95,-94,-96,-97,-101,0
-20,-20,-25,-34,-45,-54,-59,-61,-65,-69,-68,-67,-65,-64,-66,-68,-70,-68,-64,-64,-64,-64,-65,-65,-64,-60,-59,-61,-62,-62,-61,-58,-56,-61,-62,-63,-65,-62,-60,-51,-36,-9,27,64,99,135,171,203,227,240,241,220,190,164,149,132,104,71,48,31,28,16,-4,-25,-44,-58,-65,-71,-79,-87,-91,-92,-95,-96,-99,-100,-102,-100,-97,-95,-96,-99,-98,-97,-95,-89,-92,-97,-99,-98,-96,-93,-93,-94,-96,-95,-92,-94,-92,-94,0
-29,-33,-39,-49,-60,-65,-70,-70,-68,-68,-70,-72,-74,-71,-68,-67,-69,-67,-70,-70,-68,-68,-67,-67,-70,-68,-65,-62,-59,-65,-65,-62,-64,-63,-63,-66,-67,-64,-55,-43,-20,2,33,68,105,141,172,196,216,236,241,231,205,176,154,137,119,96,66,44,33,18,3,-16,-35,-50,-62,-72,-83,-93,-98,-101,-104,-105,-107,-106,-106,-105,-110,-110,-111,-106,-105,-106,-106,-105,-105,-104,-105,-106,-104,-101,-102,-101,-101,-104,-105,-104,-101,-101,0
-27,-26,-25,-28,-31,-40,-48,-55,-60,-64,-69,-76,-77,-74,-71,-73,-75,-76,-73,-71,-71,-72,-72,-74,-71,-69,-69,-67,-68,-68,-68,-65,-63,-64,-67,-69,-65,-69,-65,-63,-57,-37,-5,33,75,119,152,189,218,240,256,251,229,199,170,146,125,94,61,35,20,7,-12,-29,-47,-58,-67,-77,-87,-92,-98,-99,-102,-105,-107,-108,-107,-111,-112,-106,-104,-104,-105,-108,-106,-105,-104,-104,-103,-105,-103,-100,-100,-101,-102,-106,-106,-102,-102,-101,0
-31,-34,-35,-39,-47,-56,-65,-66,-69,-72,-75,-76,-75,-76,-76,-76,-78,-75,-71,-71,-70,-69,-69,-70,-69,-68,-66,-65,-67,-68,-68,-64,-62,-65,-64,-67,-68,-64,-63,-55,-39,-10,23,63,96,134,166,191,216,233,244,240,218,186,162,144,123,88,52,25,7,-6,-19,-39,-56,-66,-73,-77,-84,-93,-99,-103,-105,-106,-105,-106,-105,-108,-107,-105,-104,-104,-107,-103,-103,-100,-104,-104,-102,-105,-104,-99,-98,-104,-102,-103,-102,-101,-101,-102,0
-10,-13,-14,-14,-16,-20,-24,-32,-39,-50,-58,-63,-63,-64,-59,-62,-64,-63,-63,-59,-55,-56,-58,-63,-59,-58,-58,-55,-58,-60,-58,-55,-53,-51,-53,-58,-59,-57,-51,-44,-31,-15,12,42,76,111,149,183,213,233,250,244,219,186,159,136,114,82,55,39,26,7,-11,-26,-39,-51,-62,-69,-74,-81,-85,-88,-90,-90,-90,-93,-92,-96,-92,-89,-86,-87,-90,-93,-92,-90,-89,-86,-88,-88,-91,-86,-88,-87,-87,-89,-89,-87,-87,-87,0
-4,-9,-9,-8,-11,-18,-32,-44,-54,-52,-53,-53,-55,-58,-56,-57,-54,-51,-53,-53,-52,-52,-52,-52,-53,-53,-49,-47,-46,-44,-45,-49,-45,-43,-41,-41,-46,-49,-45,-38,-21,5,40,78,123,166,201,226,242,254,264,255,229,194,168,143,110,82,62,47,31,8,-12,-28,-37,-48,-58,-70,-74,-74,-77,-81,-86,-87,-86,-86,-86,-84,-87,-87,-86,-84,-79,-81,-81,-84,-83,-78,-76,-79,-82,-84,-83,-81,-77,-78,-83,-84,-83,-79,0
0,-2,-7,-10,-13,-10,-12,-18,-26,-38,-47,-52,-56,-57,-60,-60,-59,-59,-54,-53,-54,-58,-58,-57,-55,-54,-54,-57,-55,-51,-50,-49,-51,-54,-52,-51,-51,-50,-54,-56,-48,-34,-6,26,61,100,145,188,220,243,252,240,213,186,160,132,99,68,47,39,34,17,-5,-26,-39,-50,-61,-71,-79,-84,-84,-85,-88,-88,-92,-91,-92,-90,-87,-88,-90,-90,-88,-85,-82,-84,-87,-88,-86,-85,-83,-85,-85,-85,-84,-82,-81,-83,-84,-85,0
-15,-13,-14,-19,-23,-32,-44,-51,-56,-56,-58,-62,-64,-62,-59,-59,-59,-61,-61,-59,-56,-55,-56,-58,-61,-57,-55,-55,-53,-51,-53,-53,-52,-49,-49,-52,-54,-53,-46,-34,-14,14,46,82,116,150,176,201,221,238,249,240,213,181,152,132,106,75,47,27,15,0,-17,-31,-44,-52,-60,-66,-71,-78,-82,-89,-90,-90,-89,-92,-91,-93,-94,-89,-87,-87,-86,-89,-87,-87,-83,-80,-81,-84,-87,-85,-84,-86,-87,-90,-90,-87,-85,-83,0
-20,-24,-32,-45,-57,-60,-60,-58,-58,-60,-63,-67,-64,-64,-61,-62,-65,-61,-60,-60,-61,-62,-64,-63,-60,-56,-56,-58,-59,-59,-57,-51,-54,-55,-58,-55,-54,-55,-53,-46,-31,-3,30,67,104,141,175,207,229,244,247,233,207,187,173,158,138,112,79,53,39,29,12,-9,-25,-36,-46,-56,-66,-76,-84,-84,-87,-90,-93,-96,-97,-95,-92,-93,-95,-95,-96,-93,-89,-89,-89,-91,-93,-92,-89,-87,-91,-92,-94,-92,-89,-89,-87,-89,0
-26,-33,-40,-48,-55,-63,-66,-68,-67,-65,-66,-65,-69,-71,-66,-65,-64,-65,-63,-67,-65,-63,-65,-64,-64,-64,-62,-59,-60,-60,-59,-63,-60,-57,-56,-58,-62,-60,-51,-32,-6,23,58,94,130,162,189,206,221,234,246,232,208,180,156,129,103,75,51,35,20,2,-16,-30,-43,-55,-66,-76,-84,-86,-88,-93,-97,-100,-105,-104,-102,-100,-103,-105,-105,-102,-100,-98,-99,-101,-100,-98,-96,-98,-100,-98,-98,-97,-96,-98,-96,-99,-99,-97,0
-32,-33,-36,-46,-54,-63,-71,-73,-78,-81,-79,-78,-79,-78,-78,-80,-78,-77,-76,-75,-79,-81,-78,-76,-72,-73,-73,-76,-74,-72,-69,-69,-70,-73,-70,-71,-70,-71,-72,-70,-57,-37,-6,32,66,103,143,180,208,227,235,225,200,175,157,139,126,99,66,36,19,4,-13,-34,-50,-62,-69,-82,-93,-102,-102,-102,-103,-107,-110,-113,-113,-109,-108,-108,-109,-112,-109,-107,-101,-103,-105,-106,-107,-104,-103,-101,-102,-103,-103,-102,-103,-104,-106,-106,0
-22,-25,-25,-28,-34,-45,-54,-63,-69,-67,-68,-68,-73,-74,-75,-71,-67,-66,-68,-69,-71,-69,-68,-67,-66,-66,-66,-69,-64,-62,-63,-63,-64,-63,-61,-65,-63,-65,-60,-48,-29,-3,24,54,79,112,145,176,204,222,233,229,211,182,157,135,107,79,55,39,23,4,-18,-35,-45,-54,-61,-69,-78,-85,-91,-94,-96,-103,-108,-106,-104,-104,-101,-105,-107,-104,-103,-99,-98,-99,-99,-99,-100,-100,-101,-102,-103,-103,-100,-98,-100,-101,-102,-103,0
-25,-27,-30,-34,-40,-52,-60,-68,-70,-70,-70,-71,-73,-73,-70,-68,-66,-67,-68,-69,-68,-67,-64,-66,-67,-70,-68,-64,-62,-61,-62,-65,-65,-63,-62,-64,-68,-73,-67,-57,-43,-30,-5,23,61,101,139,174,203,225,241,235,210,181,151,129,105,75,52,36,22,9,-9,-22,-32,-43,-55,-70,-80,-85,-89,-92,-96,-101,-100,-98,-99,-99,-100,-101,-98,-96,-95,-96,-99,-101,-100,-97,-94,-95,-97,-99,-98,-96,-97,-97,-97,-100,-101,-98,0
-30,-28,-30,-29,-34,-44,-52,-62,-68,-69,-74,-76,-75,-75,-74,-76,-75,-77,-73,-72,-69,-69,-69,-73,-73,-71,-68,-70,-69,-69,-65,-65,-64,-63,-63,-65,-64,-64,-62,-62,-54,-33,-1,35,74,113,153,184,211,231,232,218,187,159,145,134,117,92,56,27,10,-1,-18,-35,-53,-65,-74,-82,-86,-91,-92,-97,-98,-99,-99,-100,-100,-102,-102,-101,-99,-99,-100,-101,-100,-97,-95,-94,-96,-96,-98,-97,-94,-93,-95,-100,-97,-95,-94,-96,0
-12,-15,-17,-22,-27,-22,-23,-26,-37,-49,-60,-66,-67,-65,-67,-67,-67,-66,-63,-64,-64,-64,-65,-64,-61,-61,-61,-62,-60,-58,-57,-57,-59,-59,-61,-58,-55,-58,-57,-54,-43,-18,13,40,70,106,146,189,218,235,238,227,192,162,140,116,83,50,30,20,8,-9,-25,-38,-52,-61,-69,-76,-81,-89,-94,-97,-96,-92,-93,-95,-97,-93,-90,-91,-90,-90,-94,-92,-92,-90,-88,-89,-94,-92,-90,-89,-87,-92,-94,-93,-92,-87,-89,-92,0
-38,-40,-39,-39,-39,-42,-45,-43,-43,-44,-48,-49,-48,-47,-45,-47,-46,-50,-50,-51,-52,-54,-54,-59,-60,-58,-56,-55,-55,-54,-51,-50,-44,-37,-30,-16,5,23,46,75,104,133,156,179,210,239,268,291,316,339,354,353,318,259,194,143,92,36,-16,-59,-86,-102,-107,-112,-117,-120,-118,-115,-114,-117,-117,-121,-117,-117,-116,-118,-121,-125,-127,-126,-129,-130,-135,-141,-142,-140,-134,-128,-127,-127,-126,-126,-127,-127,-123,-125,-122,-120,-119,-118,0
-18,-19,-21,-20,-22,-32,-36,-45,-55,-62,-64,-63,-63,-62,-60,-63,-66,-67,-64,-63,-63,-63,-65,-66,-67,-63,-62,-60,-60,-59,-59,-58,-53,-55,-59,-61,-60,-60,-59,-54,-45,-26,6,40,74,111,151,182,211,230,243,236,212,179,157,142,128,101,69,40,22,7,-12,-33,-50,-64,-74,-80,-86,-92,-94,-99,-104,-104,-107,-102,-105,-106,-108,-106,-102,-102,-102,-101,-102,-103,-100,-101,-99,-102,-99,-100,-97,-101,-102,-104,-102,-102,-95,-98,0
-37,-46,-58,-64,-66,-67,-68,-72,-77,-76,-75,-72,-72,-74,-75,-74,-74,-75,-72,-71,-74,-71,-70,-68,-68,-67,-69,-69,-64,-64,-63,-68,-68,-68,-67,-67,-68,-66,-62,-46,-18,12,43,76,112,147,182,203,222,231,236,227,204,173,148,128,105,74,42,22,8,-5,-23,-39,-51,-59,-67,-78,-85,-92,-93,-97,-101,-104,-108,-108,-108,-109,-106,-108,-108,-108,-103,-102,-102,-104,-106,-107,-106,-102,-101,-104,-107,-102,-102,-100,-100,-104,-105,-105,0
-28,-28,-36,-44,-54,-65,-70,-68,-67,-69,-71,-75,-73,-70,-67,-67,-68,-72,-70,-69,-67,-66,-67,-69,-68,-66,-64,-65,-65,-66,-66,-63,-63,-62,-63,-66,-68,-68,-62,-55,-42,-18,16,53,94,136,169,193,217,232,242,239,216,188,168,152,135,108,76,49,35,23,8,-13,-34,-51,-61,-66,-75,-85,-92,-96,-97,-100,-102,-108,-107,-110,-109,-107,-107,-106,-110,-110,-107,-105,-103,-104,-105,-107,-105,-102,-101,-100,-102,-106,-101,-104,-101,-103,0
-26,-29,-28,-27,-34,-44,-57,-69,-72,-72,-71,-72,-73,-76,-76,-73,-70,-70,-72,-74,-72,-69,-69,-71,-71,-72,-70,-69,-69,-68,-67,-65,-66,-65,-66,-69,-70,-72,-69,-63,-50,-28,-2,32,72,111,152,188,212,231,242,235,208,180,152,125,95,64,42,28,19,6,-13,-28,-41,-52,-66,-78,-89,-95,-98,-100,-106,-105,-107,-106,-105,-105,-105,-107,-106,-107,-104,-102,-105,-106,-103,-101,-100,-102,-103,-106,-103,-99,-99,-100,-101,-102,-100,-100,0
-22,-24,-26,-26,-27,-27,-36,-40,-50,-60,-67,-72,-74,-73,-72,-71,-71,-71,-74,-73,-71,-69,-70,-71,-71,-70,-68,-69,-69,-69,-69,-69,-65,-64,-65,-69,-72,-72,-72,-67,-58,-46,-23,7,40,80,123,161,194,218,231,227,199,167,140,119,95,64,32,17,3,-13,-30,-49,-59,-71,-84,-89,-92,-96,-97,-102,-103,-105,-103,-101,-102,-103,-105,-101,-97,-97,-100,-99,-101,-97,-95,-95,-97,-96,-95,-95,-96,-94,-96,-99,-99,-96,-92,-92,0
-18,-21,-20,-21,-26,-33,-45,-55,-61,-65,-65,-66,-69,-71,-73,-69,-68,-67,-71,-74,-71,-67,-68,-67,-69,-70,-68,-62,-62,-61,-60,-65,-62,-64,-61,-63,-67,-70,-67,-57,-40,-16,14,44,79,121,160,193,219,236,242,227,198,166,139,120,90,62,42,29,13,-6,-25,-37,-46,-57,-71,-86,-92,-93,-96,-100,-103,-106,-104,-101,-98,-100,-103,-106,-104,-103,-103,-101,-100,-101,-102,-100,-97,-97,-100,-102,-103,-98,-98,-99,-97,-100,-100,-96,0
-26,-24,-27,-29,-41,-52,-59,-65,-69,-70,-72,-74,-74,-71,-68,-74,-72,-72,-70,-67,-68,-68,-70,-71,-68,-65,-66,-66,-67,-69,-67,-62,-58,-59,-62,-67,-66,-67,-59,-44,-26,2,34,73,113,147,176,198,217,236,243,229,201,172,149,126,95,57,34,17,5,-13,-29,-44,-57,-68,-78,-86,-91,-93,-94,-101,-104,-102,-101,-101,-102,-104,-106,-104,-100,-100,-102,-104,-99,-99,-97,-97,-98,-98,-100,-97,-97,-98,-97,-100,-99,-97,-95,-96,0
-5,-8,-11,-13,-13,-17,-22,-33,-43,-53,-60,-56,-55,-61,-64,-63,-58,-58,-57,-59,-60,-65,-60,-57,-56,-58,-58,-59,-58,-53,-52,-52,-53,-53,-53,-49,-53,-56,-57,-59,-48,-25,7,42,80,120,160,195,221,238,248,242,220,187,162,139,118,91,62,41,26,9,-12,-30,-43,-52,-61,-71,-77,-83,-84,-87,-88,-89,-91,-95,-99,-99,-96,-93,-90,-92,-89,-88,-88,-86,-88,-92,-90,-89,-92,-90,-91,-91,-93,-92,-93,-93,-89,-94,0
-28,-31,-37,-36,-33,-33,-38,-38,-40,-40,-39,-41,-43,-46,-43,-38,-37,-39,-43,-45,-47,-48,-50,-50,-50,-51,-52,-49,-46,-46,-44,-40,-38,-31,-18,1,17,33,58,85,119,150,171,191,212,241,272,300,325,344,356,354,323,264,200,148,105,59,15,-25,-60,-86,-105,-113,-119,-122,-127,-128,-130,-128,-126,-126,-128,-126,-130,-129,-128,-130,-129,-133,-139,-142,-143,-146,-152,-155,-158,-157,-155,-150,-144,-146,-148,-152,-151,-148,-146,-141,-137,-132,0
-24,-25,-24,-26,-29,-31,-40,-51,-62,-66,-67,-69,-73,-74,-75,-74,-73,-74,-74,-75,-73,-71,-68,-67,-68,-71,-68,-69,-65,-66,-66,-68,-68,-64,-63,-67,-69,-70,-64,-55,-42,-20,8,44,87,126,165,194,217,234,245,232,203,170,147,131,114,91,63,39,25,9,-9,-30,-43,-54,-67,-79,-88,-92,-93,-96,-100,-104,-108,-105,-104,-103,-106,-106,-106,-102,-102,-103,-103,-103,-103,-101,-99,-97,-99,-100,-100,-98,-98,-97,-99,-101,-100,-99,0
-45,-48,-56,-64,-75,-84,-88,-89,-88,-86,-86,-86,-82,-82,-84,-85,-88,-84,-79,-81,-83,-83,-82,-82,-78,-78,-77,-79,-79,-80,-79,-78,-76,-75,-75,-75,-78,-78,-79,-73,-61,-35,-4,31,69,106,144,177,207,228,236,228,204,176,157,139,118,88,56,30,16,8,-8,-28,-48,-59,-70,-79,-89,-97,-104,-108,-109,-110,-114,-114,-117,-116,-116,-119,-118,-115,-119,-117,-113,-112,-111,-112,-111,-111,-110,-111,-111,-112,-111,-111,-110,-107,-109,-109,0
-21,-24,-24,-29,-32,-39,-45,-54,-63,-70,-70,-70,-70,-70,-70,-72,-69,-67,-67,-67,-66,-66,-64,-61,-61,-60,-63,-64,-63,-60,-57,-56,-56,-60,-59,-57,-60,-62,-64,-66,-55,-35,-9,22,53,86,121,159,191,216,231,230,218,193,167,147,128,107,77,49,33,23,10,-8,-23,-31,-42,-52,-66,-78,-83,-87,-89,-92,-96,-99,-98,-96,-94,-98,-99,-98,-96,-94,-94,-93,-93,-95,-96,-94,-93,-92,-92,-95,-92,-92,-91,-91,-93,-95,0
-3,-2,-6,-10,-9,-14,-24,-35,-46,-55,-54,-50,-51,-53,-52,-52,-52,-47,-47,-47,-49,-51,-49,-48,-48,-48,-48,-49,-46,-44,-46,-49,-50,-50,-48,-51,-51,-53,-56,-56,-43,-24,5,37,71,104,143,179,212,236,254,252,233,206,182,160,135,104,78,60,53,39,22,0,-15,-30,-41,-55,-63,-72,-76,-77,-81,-84,-86,-87,-85,-84,-87,-90,-87,-87,-86,-82,-79,-78,-78,-80,-76,-74,-75,-75,-78,-78,-75,-74,-75,-76,-80,-84,0
-1,-2,-6,-10,-9,-15,-16,-25,-34,-47,-54,-56,-54,-55,-57,-60,-64,-64,-62,-61,-57,-56,-60,-58,-59,-57,-56,-56,-58,-58,-57,-55,-54,-53,-50,-51,-50,-53,-53,-55,-46,-34,-4,34,71,113,156,195,227,255,268,256,230,205,183,157,131,101,72,50,37,20,-4,-24,-40,-52,-64,-69,-76,-81,-87,-89,-90,-87,-88,-89,-94,-92,-89,-85,-85,-86,-86,-84,-81,-82,-83,-84,-87,-84,-83,-79,-79,-81,-81,-80,-82,-85,-85,-86,0
-11,-11,-12,-16,-22,-31,-40,-46,-53,-55,-58,-62,-60,-58,-57,-56,-54,-57,-54,-51,-50,-52,-58,-59,-55,-49,-49,-52,-54,-53,-47,-46,-46,-49,-48,-53,-55,-57,-53,-43,-25,5,38,74,106,141,176,207,234,252,253,232,200,173,153,134,105,71,45,31,17,1,-14,-27,-39,-51,-61,-70,-78,-85,-90,-97,-99,-103,-104,-104,-101,-99,-96,-93,-95,-98,-97,-99,-99,-96,-99,-98,-99,-100,-97,-98,-97,-99,-99,-98,-97,-96,-94,-91,0
-15,-16,-19,-22,-24,-26,-30,-33,-41,-52,-63,-68,-68,-67,-67,-66,-67,-68,-70,-68,-65,-66,-64,-66,-69,-68,-68,-65,-61,-60,-62,-63,-61,-60,-58,-63,-67,-72,-68,-62,-52,-31,-6,28,62,98,141,182,212,232,239,218,180,150,126,107,83,55,35,22,9,-6,-19,-34,-47,-58,-68,-74,-78,-79,-86,-89,-93,-94,-91,-93,-93,-95,-100,-99,-97,-95,-94,-91,-92,-90,-88,-91,-90,-88,-89,-85,-85,-84,-84,-83,-83,-77,-78,-79,0
-62,-56,-53,-49,-47,-37,-20,-1,7,2,-6,-14,-18,-20,-23,-27,-32,-37,-36,-37,-45,-47,-52,-58,-61,-63,-72,-77,-77,-76,-71,-67,-64,-64,-67,-66,-67,-66,-68,-74,-85,-93,-92,-64,-7,80,179,267,337,380,402,396,363,294,188,60,-68,-153,-145,-110,-90,-89,-92,-91,-87,-83,-78,-79,-83,-87,-90,-88,-83,-81,-83,-85,-86,-86,-87,-85,-84,-84,-83,-82,-82,-78,-78,-83,-86,-91,-82,-77,-76,-78,-77,-76,-77,-71,-71,-70,0
-42,-37,-35,-30,-22,-17,-5,5,12,10,6,-1,-9,-19,-23,-22,-22,-18,-20,-27,-36,-45,-48,-46,-51,-57,-62,-62,-56,-52,-54,-57,-64,-64,-60,-52,-53,-60,-74,-83,-90,-87,-69,-26,56,158,258,330,373,399,406,394,361,288,160,32,-96,-148,-107,-71,-66,-72,-78,-73,-68,-59,-64,-73,-84,-85,-82,-79,-79,-81,-83,-84,-82,-79,-81,-81,-83,-80,-74,-72,-71,-73,-78,-78,-75,-67,-65,-68,-73,-74,-68,-63,-60,-62,-61,-60,0
-53,-50,-41,-33,-28,-27,-28,-21,-15,2,7,7,5,-2,-6,-14,-21,-23,-25,-32,-33,-34,-37,-42,-50,-53,-55,-55,-61,-57,-55,-50,-49,-52,-59,-61,-65,-68,-69,-72,-78,-87,-86,-57,4,94,201,294,354,390,406,402,373,307,190,62,-66,-150,-123,-83,-71,-77,-81,-73,-66,-67,-70,-78,-82,-82,-83,-78,-78,-76,-77,-76,-79,-83,-87,-85,-81,-77,-78,-79,-80,-81,-78,-75,-77,-74,-72,-71,-67,-63,-66,-72,-71,-70,-69,-61,0
-58,-47,-45,-38,-38,-31,-17,-4,11,14,5,1,-4,-12,-16,-17,-23,-27,-28,-35,-42,-47,-53,-57,-59,-61,-66,-65,-65,-66,-62,-62,-63,-69,-70,-67,-63,-62,-65,-78,-96,-100,-89,-53,4,91,188,284,346,384,402,398,365,296,190,62,-66,-151,-140,-102,-84,-82,-83,-78,-81,-81,-85,-82,-82,-82,-85,-87,-86,-85,-86,-87,-90,-93,-89,-87,-86,-90,-93,-94,-91,-84,-84,-82,-85,-83,-79,-75,-78,-81,-80,-80,-79,-81,-76,-70,0
-62,-58,-51,-43,-28,-16,-13,-12,-17,-19,-25,-35,-38,-43,-44,-40,-41,-48,-58,-58,-61,-62,-72,-83,-91,-89,-87,-82,-80,-82,-85,-87,-82,-78,-74,-77,-81,-86,-94,-102,-106,-101,-81,-30,57,166,266,335,370,388,391,372,319,220,92,-36,-164,-166,-130,-108,-108,-109,-106,-100,-101,-100,-106,-102,-101,-99,-96,-102,-105,-104,-101,-97,-99,-103,-106,-107,-105,-100,-97,-104,-101,-101,-97,-95,-93,-95,-97,-97,-92,-92,-98,-100,-100,-95,-91,-86,0
-51,-43,-37,-30,-23,-15,-10,-12,-15,-24,-28,-36,-38,-36,-37,-41,-46,-51,-53,-56,-59,-63,-70,-73,-73,-70,-71,-76,-80,-80,-76,-72,-71,-73,-76,-75,-78,-75,-79,-90,-102,-96,-68,-12,62,154,242,315,362,387,393,384,342,266,155,27,-99,-158,-144,-106,-88,-88,-90,-88,-84,-84,-86,-86,-91,-89,-92,-92,-94,-93,-89,-89,-89,-93,-92,-89,-88,-93,-91,-89,-86,-85,-84,-82,-83,-85,-83,-79,-80,-82,-87,-87,-80,-77,-77,-79,0
-1,5,10,9,20,34,42,43,40,31,33,39,40,33,23,18,15,13,10,0,-9,-19,-18,-11,-6,-10,-14,-23,-31,-40,-45,-44,-35,-31,-30,-30,-29,-33,-40,-44,-47,-50,-37,-4,48,121,218,309,375,406,415,405,382,332,240,112,-16,-102,-94,-52,-30,-34,-42,-38,-34,-26,-28,-24,-26,-30,-35,-33,-31,-32,-38,-43,-43,-44,-44,-48,-50,-50,-46,-44,-37,-33,-35,-34,-30,-29,-29,-38,-44,-45,-44,-33,-26,-29,-35,-37,0
-51,-42,-37,-36,-27,-18,-2,8,15,10,1,-8,-11,-21,-33,-45,-41,-33,-29,-38,-56,-73,-83,-79,-75,-83,-92,-96,-92,-89,-87,-90,-84,-84,-86,-99,-101,-99,-99,-113,-125,-123,-99,-50,25,116,214,292,341,369,380,366,325,235,107,-21,-149,-207,-159,-119,-114,-121,-124,-118,-113,-110,-110,-108,-108,-106,-105,-106,-110,-116,-116,-122,-125,-128,-129,-133,-141,-145,-142,-134,-129,-123,-118,-111,-110,-116,-120,-127,-127,-128,-125,-124,-122,-122,-122,-119,0
-75,-71,-70,-68,-65,-54,-44,-30,-20,-16,-17,-22,-34,-37,-41,-44,-45,-55,-64,-72,-76,-78,-77,-76,-82,-91,-96,-94,-95,-93,-98,-99,-97,-93,-90,-89,-95,-98,-100,-108,-116,-119,-104,-66,2,101,206,294,344,371,383,377,347,270,142,14,-114,-210,-176,-135,-125,-127,-125,-118,-115,-112,-113,-115,-112,-115,-114,-116,-117,-115,-111,-112,-114,-119,-124,-121,-120,-115,-113,-111,-114,-115,-111,-108,-105,-106,-110,-110,-107,-107,-105,-101,-106,-109,-106,-103,0
-68,-63,-53,-49,-40,-30,-23,-20,-20,-20,-19,-20,-29,-30,-30,-37,-51,-67,-74,-74,-72,-71,-77,-87,-92,-96,-96,-90,-88,-87,-92,-92,-90,-90,-95,-99,-102,-102,-104,-113,-121,-123,-108,-68,-6,88,190,270,326,358,374,369,350,300,210,82,-46,-157,-171,-142,-117,-118,-117,-114,-109,-106,-107,-109,-110,-113,-118,-118,-119,-118,-116,-114,-115,-114,-114,-111,-107,-102,-104,-107,-112,-114,-114,-112,-111,-109,-111,-104,-101,-101,-104,-107,-104,-102,-98,-97,0
-116,-109,-103,-95,-86,-78,-69,-65,-63,-62,-65,-70,-73,-73,-69,-74,-84,-96,-102,-102,-103,-108,-112,-115,-116,-115,-120,-121,-129,-133,-136,-131,-128,-127,-123,-124,-126,-126,-130,-137,-146,-139,-113,-60,17,115,211,282,334,368,386,381,350,279,166,38,-90,-195,-205,-180,-158,-154,-150,-151,-149,-149,-143,-138,-132,-137,-138,-135,-134,-132,-135,-132,-134,-143,-148,-145,-136,-126,-123,-130,-131,-136,-138,-131,-132,-135,-134,-130,-124,-123,-127,-130,-126,-122,-114,-112,0
-47,-44,-46,-41,-34,-24,-12,-7,-11,-12,-10,-9,-10,-10,-19,-27,-35,-41,-45,-50,-58,-61,-61,-62,-66,-67,-73,-75,-72,-70,-67,-69,-76,-80,-79,-76,-75,-81,-90,-98,-106,-96,-64,-11,69,167,260,334,379,410,419,406,371,301,190,62,-66,-151,-135,-93,-73,-79,-88,-94,-90,-79,-80,-79,-83,-85,-87,-87,-82,-86,-86,-85,-80,-79,-78,-86,-97,-90,-80,-71,-74,-81,-84,-83,-78,-74,-72,-70,-71,-77,-82,-80,-73,-68,-68,-70,0
-31,-25,-25,-15,-5,4,9,10,5,6,14,21,16,8,4,1,-3,-12,-23,-32,-39,-40,-42,-46,-52,-60,-65,-73,-64,-58,-57,-60,-67,-65,-67,-68,-67,-69,-76,-89,-89,-86,-67,-24,49,155,257,340,390,411,413,394,350,255,127,-1,-129,-155,-120,-89,-83,-94,-97,-88,-87,-83,-82,-87,-91,-90,-88,-87,-89,-89,-92,-91,-86,-86,-90,-94,-95,-90,-83,-81,-88,-103,-108,-91,-84,-83,-85,-88,-88,-85,-83,-82,-81,-82,-84,-81,0
-77,-71,-66,-65,-63,-57,-52,-46,-35,-24,-21,-21,-21,-18,-17,-23,-25,-31,-40,-47,-60,-67,-72,-77,-78,-82,-90,-97,-102,-99,-97,-94,-94,-97,-101,-100,-98,-98,-102,-114,-126,-132,-132,-113,-63,17,131,244,332,385,409,405,384,321,213,85,-43,-171,-162,-126,-111,-116,-119,-120,-116,-114,-117,-119,-123,-125,-125,-126,-122,-121,-122,-126,-129,-126,-125,-122,-123,-126,-130,-128,-124,-119,-123,-122,-119,-115,-112,-113,-115,-118,-118,-116,-114,-110,-111,-113,0
-42,-38,-37,-35,-31,-24,-10,0,3,5,7,10,10,5,1,0,-6,-15,-24,-31,-34,-35,-39,-46,-54,-61,-62,-58,-57,-59,-62,-65,-66,-64,-64,-58,-58,-65,-70,-74,-75,-70,-57,-26,39,138,243,333,387,414,420,410,379,306,188,60,-68,-150,-121,-79,-71,-78,-88,-82,-77,-72,-73,-80,-80,-78,-77,-73,-74,-80,-85,-79,-75,-74,-74,-75,-77,-73,-71,-71,-74,-73,-71,-71,-70,-66,-64,-69,-70,-69,-67,-62,-61,-61,-63,-61,0
-48,-40,-39,-35,-33,-28,-17,-11,-6,-3,-2,-6,-5,-4,1,-1,-13,-29,-39,-44,-44,-45,-55,-66,-68,-70,-68,-69,-70,-76,-78,-78,-78,-75,-76,-79,-79,-81,-84,-96,-111,-118,-106,-76,-14,79,191,295,374,418,431,424,394,332,226,98,-30,-144,-137,-98,-81,-83,-86,-85,-88,-92,-93,-96,-91,-92,-96,-98,-97,-99,-96,-95,-100,-102,-104,-102,-98,-97,-98,-98,-99,-95,-93,-98,-100,-101,-100,-92,-87,-87,-89,-94,-94,-88,-80,-80,0
-42,-37,-32,-26,-22,-18,-4,5,9,10,7,7,3,6,6,7,-4,-17,-25,-33,-33,-36,-46,-53,-63,-68,-63,-60,-64,-69,-69,-71,-67,-60,-60,-64,-68,-74,-78,-89,-100,-102,-85,-41,34,137,244,329,384,412,423,414,382,318,207,79,-49,-136,-126,-96,-81,-83,-85,-80,-80,-80,-86,-89,-89,-85,-86,-88,-90,-89,-89,-88,-89,-92,-92,-91,-89,-86,-85,-86,-90,-90,-88,-86,-85,-85,-91,-88,-89,-84,-83,-83,-84,-83,-81,-78,0
-44,-44,-36,-29,-23,-16,-6,0,7,8,7,6,8,12,9,1,-17,-35,-40,-39,-43,-46,-52,-59,-70,-74,-72,-69,-69,-71,-73,-71,-72,-68,-68,-71,-76,-83,-91,-102,-106,-95,-66,-13,77,183,283,351,393,411,413,397,350,260,132,4,-122,-140,-112,-91,-88,-88,-83,-77,-77,-81,-83,-88,-89,-85,-85,-88,-95,-93,-89,-80,-80,-86,-99,-102,-94,-81,-79,-84,-87,-89,-87,-86,-91,-93,-93,-89,-89,-88,-85,-84,-84,-83,-83,-82,0
-44,-38,-39,-42,-47,-40,-23,-11,-9,-15,-14,-12,-7,-11,-16,-25,-30,-34,-38,-46,-50,-56,-60,-66,-65,-67,-71,-77,-76,-72,-69,-71,-79,-87,-84,-77,-73,-77,-80,-87,-86,-80,-64,-38,11,85,180,263,330,370,385,380,360,312,223,100,-28,-133,-156,-138,-113,-105,-112,-113,-108,-100,-92,-87,-91,-95,-101,-101,-97,-95,-97,-99,-99,-94,-89,-87,-86,-87,-90,-93,-95,-93,-89,-89,-92,-92,-85,-85,-83,-86,-86,-88,-89,-85,-83,-84,0
-36,-30,-25,-14,-7,0,-4,-7,-4,6,12,14,10,7,-1,-3,-10,-19,-30,-33,-35,-42,-47,-53,-57,-59,-59,-55,-58,-61,-60,-60,-55,-50,-50,-54,-56,-56,-57,-58,-64,-62,-46,-14,36,101,188,265,321,362,380,378,353,297,208,97,-19,-103,-130,-115,-100,-95,-94,-88,-83,-76,-77,-75,-72,-72,-68,-72,-73,-68,-69,-75,-80,-82,-76,-72,-73,-74,-72,-71,-67,-73,-75,-72,-69,-70,-71,-67,-63,-63,-64,-62,-61,-61,-68,-73,0
-44,-40,-34,-29,-26,-28,-27,-20,-11,0,8,9,5,2,-1,-5,-11,-19,-24,-33,-37,-39,-47,-53,-65,-71,-72,-67,-66,-68,-67,-67,-66,-64,-67,-73,-75,-75,-76,-79,-85,-84,-75,-56,-5,80,184,270,332,372,393,387,346,270,162,35,-84,-145,-135,-104,-88,-86,-86,-85,-80,-83,-85,-90,-87,-86,-88,-95,-102,-97,-92,-90,-90,-90,-94,-89,-88,-86,-86,-88,-93,-91,-88,-85,-87,-88,-89,-86,-82,-76,-76,-76,-81,-84,-84,-79,0
-42,-39,-36,-32,-27,-21,-18,-21,-26,-27,-16,3,17,21,17,14,13,14,18,11,4,-7,-22,-25,-27,-31,-38,-51,-50,-50,-47,-49,-51,-52,-50,-44,-41,-43,-54,-70,-79,-79,-66,-31,31,130,240,338,398,428,431,415,366,278,158,30,-98,-124,-90,-62,-59,-59,-60,-58,-61,-62,-61,-65,-70,-78,-78,-73,-71,-70,-71,-73,-75,-70,-64,-66,-67,-70,-70,-70,-64,-63,-66,-68,-68,-64,-61,-64,-66,-64,-63,-60,-56,-56,-55,-55,0
-28,-24,-16,-11,-6,-9,-9,-6,2,18,27,30,26,26,31,35,35,32,24,17,5,-2,-7,-17,-23,-31,-36,-36,-37,-40,-42,-45,-45,-37,-38,-38,-44,-45,-49,-49,-62,-79,-84,-69,-21,60,170,285,368,418,440,439,425,386,297,169,41,-87,-122,-86,-59,-54,-55,-56,-51,-52,-59,-62,-61,-60,-63,-68,-70,-70,-65,-64,-66,-68,-69,-69,-65,-66,-64,-70,-74,-76,-72,-66,-63,-66,-69,-68,-64,-60,-58,-58,-63,-61,-60,-56,0
-29,-26,-19,-14,-10,-9,-6,5,15,22,22,18,12,12,18,21,15,-1,-16,-24,-29,-29,-36,-46,-54,-57,-54,-51,-53,-56,-60,-61,-60,-56,-55,-57,-61,-65,-74,-85,-101,-106,-95,-57,8,103,214,309,378,410,423,416,395,340,237,109,-19,-138,-133,-94,-72,-74,-78,-77,-72,-80,-84,-86,-90,-87,-88,-91,-91,-94,-91,-89,-89,-92,-95,-96,-92,-88,-87,-89,-91,-91,-89,-89,-88,-89,-94,-91,-87,-84,-82,-85,-86,-87,-83,-80,0
-26,-24,-27,-26,-17,-6,8,15,13,12,12,15,16,13,9,2,-6,-15,-22,-28,-34,-41,-47,-48,-54,-64,-73,-74,-63,-61,-60,-63,-69,-67,-66,-67,-68,-74,-88,-96,-105,-101,-81,-42,21,113,218,307,368,399,408,403,391,357,284,171,43,-73,-131,-124,-96,-80,-80,-77,-73,-68,-68,-72,-76,-81,-82,-79,-82,-86,-92,-94,-86,-77,-74,-76,-85,-86,-84,-80,-76,-77,-80,-78,-77,-75,-71,-74,-75,-77,-76,-76,-77,-81,-83,-77,0
-38,-36,-33,-34,-35,-23,-9,5,11,11,6,7,11,13,10,5,-8,-20,-26,-28,-32,-37,-49,-60,-66,-69,-69,-68,-72,-73,-69,-64,-66,-72,-77,-76,-75,-73,-79,-93,-108,-108,-88,-47,20,115,214,299,361,394,407,405,393,360,301,194,66,-62,-172,-173,-134,-104,-92,-88,-88,-86,-88,-82,-83,-88,-94,-95,-97,-93,-91,-92,-95,-94,-94,-92,-90,-93,-98,-97,-92,-87,-86,-88,-92,-92,-87,-85,-87,-87,-88,-88,-83,-80,-76,-77,0
-45,-43,-43,-42,-39,-36,-32,-24,-14,-6,-1,5,7,8,9,7,7,2,-4,-11,-25,-36,-40,-48,-50,-58,-63,-72,-72,-72,-66,-68,-70,-73,-75,-73,-70,-68,-72,-81,-92,-100,-93,-65,-17,58,162,268,347,386,398,386,362,306,203,75,-53,-177,-180,-146,-116,-105,-104,-105,-99,-95,-90,-92,-99,-100,-103,-103,-98,-99,-100,-104,-110,-106,-100,-98,-99,-105,-106,-104,-103,-101,-100,-103,-101,-101,-96,-98,-98,-102,-101,-100,-96,-95,-94,-97,0
-73,-70,-62,-56,-54,-53,-49,-39,-22,-12,-11,-13,-14,-12,-10,-8,-17,-25,-37,-41,-47,-56,-71,-88,-95,-93,-84,-79,-72,-81,-89,-102,-107,-109,-99,-95,-96,-98,-103,-111,-121,-123,-112,-76,-13,81,190,284,347,376,384,377,337,255,135,7,-121,-171,-146,-121,-114,-116,-113,-111,-103,-103,-108,-109,-110,-110,-108,-114,-118,-116,-114,-113,-109,-109,-111,-110,-110,-109,-108,-106,-109,-111,-108,-108,-105,-106,-109,-110,-105,-100,-98,-99,-102,-101,-100,-95,0
-63,-56,-54,-50,-49,-50,-41,-30,-19,-11,-10,-11,-12,-11,-6,-5,-12,-24,-35,-44,-47,-51,-58,-67,-75,-76,-77,-78,-79,-84,-89,-87,-80,-80,-83,-85,-87,-85,-84,-88,-95,-95,-77,-39,27,113,215,296,347,372,374,353,297,195,67,-61,-155,-158,-130,-113,-113,-114,-108,-102,-99,-101,-103,-102,-101,-101,-101,-107,-107,-105,-102,-99,-101,-103,-105,-102,-100,-98,-97,-101,-102,-103,-97,-94,-94,-100,-100,-96,-93,-93,-93,-94,-92,-87,-85,-83,0
-48,-44,-39,-33,-31,-33,-33,-28,-20,-4,6,9,6,1,3,7,7,-1,-16,-30,-36,-41,-41,-53,-64,-71,-71,-71,-74,-75,-79,-79,-78,-73,-74,-76,-79,-82,-85,-92,-102,-116,-118,-93,-46,33,144,253,333,382,404,403,386,332,234,106,-22,-150,-147,-106,-87,-84,-92,-91,-89,-92,-98,-106,-103,-100,-102,-104,-106,-113,-106,-106,-106,-108,-112,-114,-111,-108,-106,-106,-110,-110,-109,-106,-106,-105,-103,-105,-99,-98,-98,-102,-101,-102,-100,-94,0
-50,-48,-45,-38,-32,-28,-20,-15,-5,2,1,-4,-5,-3,-3,-6,-13,-27,-40,-45,-49,-56,-60,-68,-77,-82,-81,-81,-76,-78,-84,-84,-82,-80,-78,-81,-86,-88,-92,-98,-111,-123,-122,-96,-37,55,172,280,353,388,403,401,379,316,204,76,-52,-163,-142,-104,-93,-98,-102,-99,-97,-96,-104,-111,-111,-106,-106,-108,-115,-117,-115,-115,-114,-115,-117,-117,-117,-114,-113,-114,-112,-116,-113,-109,-109,-109,-115,-115,-113,-110,-105,-106,-106,-107,-107,-105,0
-16,-7,1,9,18,28,36,47,54,60,59,60,60,64,68,69,71,75,80,86,92,95,96,99,105,112,120,127,130,136,142,151,157,162,164,168,174,184,193,196,200,206,214,219,221,220,220,223,226,229,231,230,228,226,225,226,222,217,209,203,197,191,184,176,168,157,149,144,137,127,115,103,94,85,73,61,50,38,32,28,19,10,1,-10,-17,-22,-26,-30,-38,-45,-47,-46,-50,-52,-56,-63,-61,-62,-64,-69,0
-70,-74,-73,-70,-70,-70,-73,-72,-73,-71,-69,-69,-69,-72,-72,-67,-68,-68,-69,-72,-74,-71,-68,-68,-70,-73,-73,-71,-68,-65,-65,-67,-72,-67,-62,-60,-60,-57,-56,-49,-43,-38,-32,-25,-11,17,65,161,280,360,378,363,346,333,324,308,288,266,252,233,220,201,179,158,135,106,78,42,4,-35,-78,-122,-173,-221,-262,-300,-330,-361,-389,-409,-424,-434,-439,-452,-469,-486,-500,-506,-513,-526,-535,-538,-520,-479,-433,-388,-350,-316,-291,-268,0
-19,-15,-12,-5,-3,-3,-4,-6,-10,-12,-16,-20,-16,-13,-15,-18,-22,-23,-22,-24,-30,-37,-43,-50,-53,-54,-59,-65,-69,-74,-75,-76,-77,-78,-82,-87,-85,-89,-88,-89,-88,-85,-80,-74,-66,-51,-15,67,190,303,348,328,294,273,264,259,242,227,207,186,175,160,144,125,100,77,58,34,11,-19,-50,-79,-104,-130,-159,-194,-231,-270,-298,-315,-324,-332,-344,-351,-361,-381,-402,-425,-443,-458,-475,-485,-495,-489,-470,-441,-406,-370,-335,-301,0
-102,-103,-102,-99,-101,-101,-102,-103,-102,-100,-101,-104,-104,-107,-106,-103,-102,-101,-103,-104,-106,-101,-100,-100,-101,-104,-103,-100,-99,-100,-103,-102,-103,-100,-96,-95,-97,-97,-95,-90,-88,-85,-84,-80,-70,-48,-2,83,194,293,332,318,294,275,263,252,237,222,203,187,168,151,139,124,103,79,53,26,0,-26,-58,-96,-138,-180,-218,-256,-292,-328,-366,-398,-416,-426,-434,-437,-443,-450,-461,-476,-494,-507,-517,-526,-533,-530,-518,-497,-468,-446,-410,-375,0
-117,-118,-118,-118,-116,-114,-110,-107,-108,-110,-107,-103,-103,-105,-109,-113,-112,-110,-103,-102,-102,-106,-103,-103,-100,-99,-99,-98,-98,-96,-95,-94,-94,-93,-93,-91,-92,-90,-87,-88,-85,-81,-80,-76,-65,-43,10,108,230,319,341,314,286,272,263,250,232,211,193,177,159,143,120,94,68,43,13,-19,-53,-87,-123,-164,-205,-248,-285,-320,-349,-380,-401,-417,-428,-434,-438,-446,-459,-479,-494,-510,-518,-528,-536,-537,-522,-492,-453,-414,-374,-337,-309,-292,0
-118,-118,-116,-115,-113,-113,-116,-116,-116,-114,-113,-112,-115,-117,-118,-111,-111,-113,-112,-111,-110,-107,-106,-108,-110,-109,-113,-111,-108,-108,-108,-106,-107,-107,-104,-102,-102,-103,-104,-97,-94,-93,-89,-89,-84,-70,-38,31,143,260,319,310,274,252,237,225,205,185,162,141,119,95,70,49,21,-14,-52,-90,-128,-167,-206,-256,-302,-343,-379,-413,-439,-459,-479,-492,-497,-502,-508,-523,-538,-552,-564,-575,-582,-589,-588,-569,-533,-488,-440,-395,-354,-325,-307,-285,0
-125,-126,-126,-125,-121,-122,-123,-126,-121,-120,-120,-122,-124,-126,-123,-116,-118,-120,-122,-122,-120,-121,-119,-121,-120,-121,-115,-115,-117,-117,-117,-116,-113,-111,-112,-114,-115,-115,-112,-108,-105,-101,-97,-94,-85,-63,-15,82,205,289,292,256,223,215,207,200,186,169,149,128,108,89,75,57,27,-8,-46,-90,-131,-172,-221,-274,-321,-362,-396,-426,-451,-464,-478,-488,-490,-500,-522,-542,-558,-573,-582,-589,-592,-590,-574,-539,-498,-461,-427,-396,-370,-347,-325,-303,0
-97,-91,-92,-87,-82,-79,-74,-63,-54,-49,-41,-37,-38,-39,-37,-34,-26,-16,-18,-22,-27,-32,-33,-34,-35,-36,-39,-38,-39,-43,-46,-46,-51,-56,-59,-62,-66,-73,-79,-83,-85,-85,-87,-86,-86,-80,-55,4,108,235,309,292,242,209,196,181,160,139,118,97,70,47,25,3,-25,-56,-91,-119,-147,-176,-203,-232,-271,-316,-359,-395,-427,-451,-460,-468,-475,-479,-484,-494,-513,-530,-545,-554,-563,-571,-575,-567,-547,-508,-464,-423,-384,-351,-328,-313,0
-136,-136,-131,-132,-133,-131,-130,-129,-128,-130,-134,-134,-140,-138,-135,-134,-135,-137,-138,-137,-138,-138,-140,-140,-138,-136,-133,-135,-138,-137,-137,-136,-132,-133,-134,-136,-138,-134,-128,-129,-127,-126,-122,-116,-106,-86,-45,46,173,282,295,253,216,196,184,176,158,136,118,99,84,69,50,29,4,-18,-46,-69,-92,-120,-155,-188,-223,-255,-290,-322,-364,-401,-428,-443,-449,-454,-460,-470,-480,-494,-510,-525,-538,-550,-559,-560,-547,-525,-496,-462,-426,-385,-345,-322,0
-154,-152,-151,-149,-149,-151,-149,-147,-145,-145,-147,-150,-148,-146,-144,-143,-144,-144,-144,-141,-139,-139,-142,-143,-143,-142,-139,-137,-137,-138,-136,-134,-132,-132,-134,-133,-129,-126,-124,-125,-125,-126,-121,-113,-103,-84,-54,18,134,244,298,280,245,221,208,202,186,167,146,123,102,87,69,46,21,-5,-31,-61,-87,-119,-154,-192,-228,-261,-296,-330,-369,-402,-433,-458,-469,-478,-487,-497,-504,-511,-519,-534,-545,-556,-567,-573,-576,-577,-568,-548,-520,-484,-450,-415,0
-137,-136,-134,-136,-137,-136,-137,-138,-138,-135,-134,-133,-135,-134,-127,-128,-131,-133,-129,-126,-126,-124,-126,-128,-131,-130,-128,-126,-126,-129,-128,-126,-123,-122,-122,-127,-124,-120,-118,-117,-116,-116,-111,-105,-95,-82,-54,8,118,229,283,272,236,209,199,188,172,154,133,111,90,68,47,24,3,-25,-56,-85,-118,-157,-198,-241,-284,-324,-365,-410,-445,-477,-501,-520,-534,-544,-551,-559,-561,-566,-577,-588,-601,-612,-615,-619,-621,-617,-603,-575,-533,-488,-445,-403,0
-124,-124,-123,-126,-127,-122,-119,-117,-118,-119,-120,-122,-123,-122,-121,-120,-118,-119,-119,-121,-124,-122,-119,-116,-115,-114,-116,-118,-117,-115,-112,-114,-116,-117,-116,-115,-113,-112,-113,-113,-106,-103,-98,-93,-89,-74,-40,28,138,247,298,278,241,214,206,195,179,158,137,118,101,84,63,38,12,-19,-46,-77,-108,-142,-180,-215,-249,-283,-317,-350,-386,-411,-431,-438,-444,-449,-457,-465,-484,-505,-523,-539,-551,-563,-573,-568,-554,-523,-481,-433,-391,-356,-325,-310,0
-114,-115,-116,-112,-110,-110,-111,-114,-114,-111,-108,-109,-111,-109,-107,-104,-103,-107,-104,-102,-96,-88,-83,-77,-67,-62,-55,-46,-41,-42,-45,-44,-34,-25,-23,-28,-34,-42,-44,-45,-45,-42,-40,-37,-30,-20,14,87,191,278,302,280,249,228,214,197,180,161,140,115,92,68,47,27,6,-20,-54,-90,-123,-161,-195,-232,-272,-315,-348,-380,-410,-441,-460,-477,-489,-497,-501,-504,-509,-519,-530,-542,-550,-561,-577,-590,-600,-603,-594,-573,-538,-499,-453,-412,0
-78,-77,-82,-89,-96,-103,-111,-117,-120,-120,-125,-124,-131,-134,-143,-145,-145,-146,-147,-150,-155,-159,-158,-158,-159,-163,-163,-163,-162,-162,-162,-166,-165,-164,-161,-158,-162,-161,-161,-158,-153,-146,-142,-138,-128,-102,-46,59,184,269,271,230,190,174,162,146,125,99,83,69,53,29,3,-21,-49,-71,-100,-128,-162,-193,-224,-253,-288,-319,-352,-382,-414,-439,-458,-468,-476,-481,-485,-497,-518,-538,-556,-566,-576,-580,-584,-571,-549,-518,-486,-447,-411,-380,-363,-350,0
-180,-180,-182,-182,-182,-182,-183,-181,-178,-179,-178,-180,-182,-180,-176,-177,-174,-176,-176,-173,-171,-169,-174,-177,-178,-174,-174,-171,-172,-172,-172,-169,-167,-165,-160,-159,-163,-160,-157,-154,-154,-151,-147,-141,-126,-104,-53,52,179,292,306,263,219,201,190,171,154,131,111,87,66,43,19,-5,-36,-69,-105,-140,-176,-216,-258,-301,-337,-368,-401,-431,-454,-470,-481,-485,-488,-495,-506,-522,-539,-551,-557,-560,-564,-557,-545,-515,-484,-447,-403,-359,-335,-317,-306,-290,0
-113,-116,-119,-118,-116,-116,-116,-121,-121,-113,-110,-109,-108,-111,-113,-110,-106,-104,-107,-109,-109,-106,-108,-110,-104,-99,-97,-97,-98,-99,-100,-99,-101,-96,-96,-97,-96,-94,-92,-87,-84,-82,-72,-67,-58,-36,20,127,254,354,362,324,298,285,273,257,228,206,188,170,151,128,99,70,38,-3,-49,-93,-135,-175,-216,-260,-304,-339,-368,-390,-403,-416,-428,-440,-445,-445,-451,-468,-488,-505,-517,-527,-536,-542,-538,-521,-487,-436,-391,-347,-316,-292,-275,-260,0
-64,-69,-72,-72,-71,-70,-68,-69,-71,-66,-62,-59,-62,-66,-73,-69,-67,-64,-63,-63,-62,-62,-60,-60,-64,-63,-66,-64,-60,-61,-63,-64,-62,-61,-59,-58,-55,-54,-54,-48,-41,-39,-39,-37,-28,3,72,186,309,387,395,377,353,342,331,314,291,269,249,231,209,186,157,126,95,59,21,-25,-71,-117,-162,-212,-262,-308,-348,-380,-406,-425,-446,-457,-460,-457,-456,-466,-484,-502,-516,-525,-532,-540,-541,-527,-494,-442,-387,-333,-286,-245,-212,-189,0
-98,-95,-94,-95,-98,-97,-97,-96,-97,-96,-99,-97,-96,-97,-99,-101,-105,-102,-97,-96,-95,-95,-98,-98,-97,-97,-96,-94,-94,-92,-91,-92,-93,-90,-93,-91,-91,-89,-89,-89,-87,-85,-75,-69,-56,-30,27,129,243,326,347,327,304,296,292,280,265,242,227,216,207,192,169,142,112,81,50,18,-16,-52,-94,-138,-181,-225,-270,-314,-352,-386,-416,-438,-454,-472,-484,-490,-496,-507,-523,-538,-551,-560,-565,-573,-584,-592,-591,-575,-549,-516,-480,-443,0
-61,-56,-47,-36,-27,-22,-22,-21,-18,-14,-9,-6,-1,0,1,0,-2,-10,-13,-17,-15,-13,-13,-15,-18,-21,-21,-20,-21,-28,-34,-41,-45,-45,-50,-54,-61,-63,-65,-65,-66,-69,-67,-62,-51,-29,24,117,231,315,339,314,283,264,252,240,227,212,194,177,159,143,131,115,99,76,52,29,5,-16,-41,-69,-100,-125,-153,-182,-220,-255,-288,-323,-353,-373,-388,-403,-413,-423,-425,-428,-441,-465,-483,-498,-507,-520,-529,-535,-534,-517,-489,-460,0
-98,-100,-102,-105,-105,-107,-105,-106,-106,-106,-108,-110,-109,-105,-106,-107,-108,-110,-107,-106,-105,-106,-109,-108,-107,-105,-104,-103,-107,-107,-104,-103,-100,-102,-105,-105,-104,-99,-98,-94,-92,-91,-85,-79,-72,-52,-8,86,213,318,339,308,270,249,238,230,213,195,178,165,154,144,133,116,96,79,61,47,27,4,-23,-50,-75,-105,-128,-156,-191,-225,-253,-276,-296,-308,-323,-332,-342,-354,-372,-398,-420,-434,-444,-457,-470,-475,-469,-448,-425,-401,-377,-348,0
-121,-116,-114,-113,-119,-118,-118,-117,-116,-114,-114,-116,-118,-114,-113,-113,-112,-112,-115,-109,-108,-108,-109,-109,-106,-105,-102,-101,-101,-100,-100,-98,-96,-95,-94,-94,-93,-92,-90,-87,-84,-86,-81,-74,-62,-42,7,97,223,318,344,313,277,255,242,228,212,193,175,155,135,119,98,72,44,14,-18,-46,-77,-113,-149,-186,-222,-257,-289,-323,-357,-386,-412,-423,-429,-437,-450,-467,-484,-494,-504,-516,-528,-537,-534,-515,-485,-451,-417,-378,-343,-313,-292,-277,0
-107,-109,-108,-107,-106,-103,-105,-105,-105,-103,-98,-99,-98,-101,-103,-97,-96,-96,-97,-101,-101,-95,-93,-93,-92,-92,-92,-88,-86,-85,-87,-86,-87,-88,-85,-83,-83,-82,-83,-80,-74,-71,-69,-65,-59,-41,-5,71,184,292,343,331,296,274,259,245,228,210,194,174,157,142,123,104,86,62,36,8,-20,-49,-81,-121,-167,-215,-257,-295,-324,-349,-369,-390,-402,-412,-418,-427,-445,-462,-473,-482,-493,-505,-514,-513,-496,-459,-419,-379,-346,-319,-292,-268,0
-76,-77,-80,-82,-82,-77,-74,-73,-75,-76,-75,-74,-73,-74,-72,-76,-76,-76,-74,-72,-74,-75,-75,-72,-70,-72,-75,-75,-75,-74,-72,-70,-69,-69,-72,-69,-67,-66,-65,-65,-63,-61,-59,-51,-44,-27,16,106,229,331,357,326,287,268,261,249,228,206,184,166,148,132,107,81,53,21,-8,-39,-73,-108,-149,-191,-233,-272,-307,-338,-362,-374,-384,-385,-387,-393,-405,-421,-435,-444,-454,-469,-477,-474,-456,-418,-376,-330,-293,-261,-233,-212,-197,-182,0
-81,-82,-82,-81,-78,-75,-77,-80,-81,-81,-77,-77,-78,-77,-79,-76,-75,-73,-75,-76,-75,-73,-72,-73,-74,-74,-74,-69,-66,-65,-63,-62,-60,-55,-47,-42,-37,-32,-28,-19,-13,-7,-2,8,23,51,102,187,286,357,367,342,322,307,298,281,265,249,234,218,201,183,161,142,122,97,69,41,9,-26,-60,-101,-145,-187,-227,-260,-292,-318,-341,-360,-373,-380,-384,-394,-413,-431,-441,-449,-459,-476,-490,-494,-485,-457,-419,-385,-351,-328,-300,-277,0
-6,-10,-16,-14,-12,-12,-10,-12,-17,-20,-21,-20,-26,-32,-40,-43,-44,-47,-53,-58,-63,-67,-69,-71,-72,-77,-80,-82,-82,-82,-85,-88,-89,-91,-88,-87,-87,-87,-87,-83,-81,-74,-73,-69,-61,-38,13,95,208,304,342,322,288,266,254,243,225,204,187,172,156,140,121,103,85,65,40,12,-14,-41,-64,-93,-124,-155,-184,-212,-239,-262,-287,-309,-328,-341,-351,-355,-359,-370,-380,-401,-414,-425,-438,-451,-466,-477,-475,-460,-439,-414,-391,-359,0
-103,-102,-100,-100,-104,-102,-104,-103,-103,-102,-103,-104,-106,-104,-101,-103,-102,-103,-102,-102,-99,-98,-97,-99,-98,-95,-94,-97,-100,-100,-99,-97,-93,-92,-93,-92,-93,-89,-86,-82,-81,-79,-75,-66,-53,-25,31,134,256,333,340,302,270,253,242,232,215,194,176,161,146,135,125,103,86,64,46,24,3,-24,-58,-98,-139,-176,-210,-242,-276,-309,-340,-363,-379,-395,-404,-412,-419,-426,-434,-452,-469,-478,-488,-497,-507,-510,-504,-486,-458,-427,-392,-360,0
-100,-97,-93,-94,-96,-98,-99,-97,-93,-94,-94,-94,-94,-95,-91,-89,-89,-92,-93,-92,-88,-89,-88,-86,-88,-86,-87,-88,-89,-83,-86,-79,-76,-75,-75,-75,-79,-75,-74,-72,-71,-65,-67,-59,-50,-35,-3,63,174,285,350,347,313,284,268,261,247,228,210,191,174,157,143,125,101,77,51,23,-6,-38,-69,-106,-136,-170,-207,-249,-288,-322,-348,-371,-385,-400,-413,-425,-433,-436,-442,-455,-471,-484,-496,-501,-510,-517,-520,-508,-484,-450,-413,-378,0
-80,-80,-80,-82,-79,-79,-79,-80,-84,-82,-80,-77,-75,-77,-81,-81,-76,-71,-73,-74,-74,-77,-74,-74,-71,-69,-70,-67,-67,-68,-69,-69,-68,-69,-64,-60,-61,-59,-60,-58,-54,-49,-45,-39,-29,-4,54,150,266,349,369,336,302,289,275,261,243,225,209,196,177,158,138,116,92,67,40,11,-23,-63,-102,-141,-183,-228,-275,-314,-344,-370,-395,-409,-417,-425,-425,-427,-440,-453,-470,-481,-486,-492,-503,-510,-505,-484,-452,-415,-377,-338,-308,-282,0
-48,-45,-43,-40,-38,-40,-39,-41,-38,-37,-38,-40,-41,-43,-41,-38,-39,-39,-39,-44,-40,-37,-39,-40,-41,-41,-37,-36,-36,-37,-39,-35,-34,-31,-36,-35,-36,-33,-30,-28,-28,-26,-25,-16,-7,10,40,106,215,332,393,385,347,318,305,294,281,268,251,232,220,209,199,181,157,126,96,68,41,12,-25,-74,-124,-171,-209,-242,-273,-296,-311,-330,-345,-357,-373,-394,-412,-433,-448,-460,-477,-487,-485,-468,-435,-396,-364,-330,-307,-283,-262,-245,0
-43,-44,-40,-39,-40,-41,-43,-43,-39,-35,-30,-28,-27,-25,-16,-6,1,8,11,13,20,25,29,33,33,34,31,31,26,21,18,19,22,25,20,19,19,13,14,11,7,7,1,-2,2,12,40,107,220,336,386,361,316,286,271,256,237,220,202,182,165,143,122,99,74,46,18,-10,-42,-71,-102,-143,-185,-229,-269,-301,-337,-361,-378,-390,-392,-390,-401,-420,-443,-463,-474,-483,-499,-515,-519,-510,-479,-443,-404,-368,-330,-301,-272,-255,0
-40,-44,-50,-53,-51,-53,-58,-60,-58,-60,-59,-60,-60,-60,-61,-62,-60,-59,-62,-62,-62,-64,-62,-60,-59,-60,-61,-64,-63,-62,-66,-64,-66,-65,-63,-59,-61,-61,-61,-58,-55,-52,-50,-42,-37,-21,24,112,239,344,379,354,319,298,288,275,255,236,221,205,188,171,154,133,113,93,72,47,23,-6,-34,-69,-105,-141,-174,-201,-227,-253,-276,-294,-306,-317,-327,-332,-344,-359,-376,-393,-405,-416,-431,-448,-462,-463,-452,-428,-403,-381,-359,-331,0
-121,-121,-119,-118,-117,-122,-122,-120,-117,-118,-115,-116,-119,-120,-118,-116,-117,-121,-120,-118,-116,-113,-111,-115,-117,-115,-114,-111,-109,-111,-110,-112,-108,-107,-107,-107,-105,-104,-101,-99,-96,-93,-92,-85,-72,-47,10,112,233,312,324,292,260,243,234,220,205,193,177,163,149,140,129,115,98,78,60,41,20,-1,-31,-60,-91,-121,-154,-184,-213,-247,-276,-300,-310,-317,-327,-333,-339,-351,-366,-380,-398,-413,-427,-444,-459,-466,-463,-449,-430,-406,-379,-341,0
-119,-114,-112,-112,-112,-112,-113,-113,-112,-109,-110,-111,-112,-111,-107,-105,-105,-105,-108,-111,-105,-103,-100,-106,-103,-100,-99,-97,-98,-97,-98,-98,-94,-89,-90,-93,-98,-100,-94,-91,-89,-86,-82,-77,-68,-51,-12,61,174,282,334,324,288,263,250,239,224,208,187,169,149,129,111,96,73,45,16,-19,-50,-81,-116,-156,-200,-242,-276,-315,-348,-379,-409,-430,-440,-453,-462,-473,-479,-486,-495,-508,-522,-533,-547,-558,-567,-568,-563,-542,-509,-469,-425,-388,0
-80,-76,-75,-78,-79,-81,-80,-75,-73,-74,-76,-77,-74,-74,-73,-74,-77,-76,-72,-71,-70,-70,-69,-70,-71,-68,-66,-70,-72,-76,-80,-79,-79,-78,-70,-55,-26,3,29,49,63,70,83,105,127,148,165,183,202,211,213,208,203,194,178,157,130,105,84,61,39,18,-12,-49,-83,-114,-139,-162,-181,-195,-202,-210,-209,-207,-204,-206,-207,-206,-198,-187,-179,-175,-168,-166,-158,-154,-149,-143,-141,-137,-132,-129,-125,-127,-128,-127,-127,-126,-123,-125,0
-78,-79,-83,-80,-79,-78,-79,-79,-81,-78,-77,-74,-76,-78,-81,-79,-75,-73,-75,-75,-77,-75,-73,-72,-77,-79,-85,-87,-89,-96,-99,-110,-117,-121,-122,-120,-107,-87,-55,-17,19,45,57,74,104,146,192,235,273,300,311,297,269,228,178,127,66,6,-32,-57,-79,-89,-92,-92,-90,-91,-93,-94,-97,-94,-95,-95,-96,-98,-99,-98,-98,-97,-98,-99,-103,-101,-101,-99,-102,-105,-106,-108,-105,-103,-107,-108,-112,-110,-112,-109,-111,-115,-115,-115,0
-78,-78,-79,-80,-83,-81,-79,-76,-78,-79,-82,-79,-77,-78,-79,-80,-80,-78,-77,-74,-73,-76,-77,-74,-72,-70,-72,-71,-74,-75,-76,-78,-80,-82,-80,-67,-43,-14,12,37,56,71,85,106,134,155,175,194,214,228,234,232,230,219,211,194,164,133,104,87,67,44,14,-18,-51,-79,-111,-137,-165,-184,-200,-208,-213,-212,-216,-215,-216,-213,-213,-208,-202,-195,-188,-179,-172,-168,-164,-165,-159,-151,-146,-141,-138,-135,-136,-132,-129,-129,-131,-132,0
-84,-84,-83,-84,-85,-86,-82,-83,-82,-82,-84,-86,-85,-82,-80,-81,-82,-81,-82,-81,-78,-80,-80,-81,-77,-73,-73,-77,-82,-83,-85,-88,-87,-87,-78,-63,-34,-6,15,29,38,51,76,103,131,152,172,185,198,206,209,205,197,185,162,139,119,100,79,53,26,0,-32,-66,-100,-130,-152,-164,-175,-185,-191,-197,-194,-191,-190,-193,-192,-187,-176,-166,-162,-156,-153,-151,-144,-138,-132,-131,-126,-126,-123,-121,-119,-117,-120,-121,-121,-119,-119,-122,0
-84,-83,-84,-86,-86,-85,-84,-82,-81,-84,-84,-81,-80,-80,-79,-82,-79,-82,-78,-77,-77,-78,-78,-76,-74,-74,-75,-78,-82,-85,-87,-89,-90,-87,-76,-55,-28,-4,19,34,44,63,88,116,141,163,182,202,217,221,225,223,216,204,189,161,134,113,93,73,50,20,-13,-47,-84,-113,-134,-154,-169,-182,-192,-197,-199,-198,-198,-196,-198,-197,-194,-187,-180,-174,-167,-162,-158,-153,-151,-147,-141,-136,-130,-126,-129,-126,-126,-122,-119,-117,-121,-120,0
-88,-84,-84,-85,-86,-87,-84,-84,-83,-83,-83,-83,-85,-81,-81,-82,-83,-85,-83,-78,-77,-79,-80,-81,-78,-74,-75,-77,-83,-88,-86,-85,-84,-77,-62,-37,-8,20,41,58,70,83,107,131,155,176,195,215,231,241,243,240,231,217,204,181,150,119,94,70,49,20,-12,-49,-83,-115,-141,-162,-180,-192,-205,-210,-208,-207,-204,-203,-203,-205,-199,-192,-185,-176,-171,-169,-165,-155,-156,-153,-150,-142,-139,-135,-133,-128,-130,-130,-127,-126,-128,-128,0
-91,-89,-88,-87,-87,-89,-88,-90,-87,-85,-87,-88,-88,-87,-83,-85,-85,-85,-83,-82,-82,-81,-80,-82,-81,-78,-76,-77,-79,-84,-87,-87,-83,-80,-73,-57,-32,-1,25,48,63,71,80,103,126,145,166,185,201,212,216,213,209,200,189,172,151,124,100,79,58,36,10,-24,-59,-91,-119,-144,-165,-178,-189,-200,-201,-204,-200,-199,-196,-200,-198,-191,-184,-175,-168,-165,-164,-156,-153,-148,-145,-140,-137,-132,-127,-128,-125,-126,-123,-123,-121,-122,0
-87,-91,-89,-86,-85,-85,-84,-84,-83,-82,-80,-80,-81,-84,-85,-84,-80,-79,-80,-80,-81,-78,-75,-74,-77,-78,-77,-76,-78,-82,-84,-88,-86,-84,-69,-52,-31,-10,11,31,45,53,71,96,120,148,168,184,197,202,205,202,202,191,170,140,116,98,83,58,28,-1,-35,-69,-97,-125,-150,-164,-175,-181,-183,-188,-185,-185,-187,-185,-185,-177,-173,-168,-163,-155,-148,-145,-141,-142,-135,-130,-124,-119,-120,-121,-119,-117,-116,-112,-116,-118,-119,-118,0
-80,-78,-77,-79,-80,-79,-75,-75,-75,-77,-76,-78,-76,-72,-73,-73,-75,-75,-72,-72,-73,-72,-71,-72,-70,-67,-68,-69,-70,-76,-79,-80,-81,-82,-74,-58,-30,-3,23,39,50,64,90,120,147,168,187,206,220,231,233,231,224,212,196,169,144,122,102,80,56,26,-7,-43,-78,-112,-135,-152,-165,-178,-185,-189,-188,-185,-184,-184,-186,-186,-176,-167,-157,-154,-151,-148,-141,-135,-131,-128,-126,-124,-121,-115,-114,-115,-117,-117,-116,-113,-118,-117,0
-82,-83,-81,-79,-77,-79,-80,-80,-81,-78,-79,-78,-81,-81,-76,-74,-76,-77,-76,-78,-73,-72,-70,-73,-73,-71,-69,-66,-68,-69,-75,-77,-79,-79,-76,-69,-51,-25,5,33,52,67,84,112,144,172,197,214,227,235,242,241,234,220,194,161,132,110,88,58,23,-16,-52,-83,-116,-144,-162,-175,-181,-188,-190,-191,-191,-191,-189,-187,-183,-173,-167,-161,-155,-146,-144,-140,-134,-131,-122,-118,-115,-117,-116,-115,-113,-110,-111,-115,-117,-118,-117,-113,0
-72,-74,-72,-75,-76,-73,-69,-71,-72,-73,-73,-71,-70,-69,-69,-70,-71,-67,-65,-65,-66,-65,-67,-64,-61,-61,-63,-65,-64,-65,-65,-69,-73,-75,-72,-58,-34,-8,16,37,56,73,93,116,144,168,193,217,239,251,256,256,251,243,228,198,165,138,114,92,68,32,-5,-43,-78,-107,-130,-153,-166,-180,-187,-188,-186,-184,-185,-188,-185,-179,-168,-160,-155,-153,-146,-143,-136,-132,-129,-123,-122,-114,-113,-112,-109,-107,-109,-109,-108,-110,-112,-114,0
-67,-66,-69,-69,-69,-66,-64,-65,-64,-65,-67,-63,-60,-61,-58,-62,-61,-59,-57,-59,-58,-60,-59,-55,-55,-54,-55,-54,-58,-56,-57,-61,-63,-61,-55,-32,-2,28,52,74,89,104,124,147,173,196,218,243,263,273,276,269,262,248,230,196,164,137,111,87,59,20,-19,-58,-92,-120,-143,-162,-177,-187,-189,-187,-184,-182,-183,-182,-180,-169,-158,-152,-147,-143,-139,-137,-131,-125,-117,-116,-111,-108,-106,-106,-105,-106,-108,-105,-104,-106,-107,-110,0
-70,-65,-63,-64,-66,-66,-67,-65,-62,-64,-65,-64,-66,-63,-60,-59,-61,-64,-64,-60,-56,-58,-60,-57,-56,-55,-54,-54,-58,-62,-62,-60,-57,-50,-33,-9,18,45,69,83,93,107,128,155,178,197,214,229,236,242,244,244,232,223,202,176,151,127,106,84,60,32,0,-34,-65,-94,-119,-139,-152,-164,-174,-180,-178,-177,-174,-172,-174,-172,-165,-156,-145,-140,-138,-135,-131,-129,-121,-116,-112,-109,-109,-102,-103,-103,-103,-106,-106,-105,-102,-103,0
-69,-66,-63,-63,-65,-67,-66,-67,-66,-64,-65,-65,-67,-68,-63,-62,-62,-61,-64,-63,-61,-56,-57,-58,-59,-58,-56,-56,-59,-64,-70,-70,-69,-65,-54,-35,-10,18,40,56,65,83,109,137,163,188,203,215,223,227,228,228,219,198,171,143,123,109,89,61,32,0,-30,-57,-85,-114,-134,-150,-157,-164,-169,-174,-174,-173,-171,-168,-169,-164,-159,-150,-143,-138,-134,-132,-129,-125,-118,-111,-106,-105,-105,-104,-101,-98,-97,-100,-103,-103,-104,-102,0
-69,-66,-68,-69,-70,-70,-68,-68,-69,-67,-68,-67,-66,-65,-65,-64,-66,-64,-62,-59,-60,-59,-61,-60,-59,-57,-56,-59,-63,-64,-70,-71,-70,-67,-60,-41,-13,11,34,49,59,76,102,129,155,174,192,211,225,235,240,235,233,220,206,179,151,131,110,89,66,40,8,-29,-63,-94,-116,-134,-148,-159,-167,-174,-173,-173,-171,-173,-175,-173,-168,-162,-152,-147,-144,-140,-134,-129,-126,-125,-118,-114,-108,-104,-101,-103,-101,-103,-100,-99,-100,-102,0
-69,-69,-71,-67,-64,-65,-66,-70,-70,-67,-64,-65,-66,-69,-67,-66,-62,-63,-64,-66,-65,-62,-60,-59,-62,-62,-63,-60,-58,-59,-64,-72,-74,-70,-63,-46,-26,3,32,55,70,85,110,135,166,189,215,231,239,241,244,240,234,215,187,150,128,111,87,61,28,-10,-44,-75,-100,-123,-145,-160,-170,-174,-176,-177,-177,-177,-176,-173,-170,-166,-159,-154,-148,-141,-135,-131,-130,-126,-121,-115,-111,-109,-110,-109,-107,-107,-107,-104,-107,-110,-109,-109,0
